sample_id,sample_type,sample_subtype,ufn,sample_comments,analyzing_lab,sample_quality_flag,sample_quality_log
SLC4625,sealice_microbiome,mot_cal,U4225,NA,UBC_Suttle,AV,NA
SLC4638,sealice_microbiome,mot_cal,U4238,NA,UBC_Suttle,AV,NA
SLC4644,sealice_microbiome,mot_cal,U4244,NA,UBC_Suttle,AV,NA
SLC4646,sealice_microbiome,mot_cal,U4246,NA,UBC_Suttle,AV,NA
SLC4651,sealice_microbiome,mot_cal,U4251,NA,UBC_Suttle,AV,NA
SLC4652,sealice_microbiome,mot_cal,U4252,NA,UBC_Suttle,AV,NA
SLC4654,sealice_microbiome,mot_cal,U4254,NA,UBC_Suttle,AV,NA
SLC4656,sealice_microbiome,mot_cal,U4256,NA,UBC_Suttle,AV,NA
SLC4657,sealice_microbiome,mot_cal,U4257,NA,UBC_Suttle,AV,NA
SLC4660,sealice_microbiome,mot_cal,U4260,NA,UBC_Suttle,AV,NA
SLC4667,sealice_microbiome,mot_cal,U4267,NA,UBC_Suttle,AV,NA
SLC4680,sealice_microbiome,mot_cal,U4280,NA,UBC_Suttle,AV,NA
SLC4605,sealice_microbiome,mot_cal,U4205,NA,UBC_Suttle,AV,NA
SLC4606,sealice_microbiome,mot_cal,U4206,NA,UBC_Suttle,AV,NA
SLC4608,sealice_microbiome,mot_cal,U4208,NA,UBC_Suttle,AV,NA
SLC4672,sealice_microbiome,mot_cal,U4272,NA,UBC_Suttle,AV,NA
SLC4700,sealice_microbiome,mot_cal,U4300,NA,UBC_Suttle,AV,NA
SLC4690,sealice_microbiome,mot_cal,U4290,NA,UBC_Suttle,AV,NA
SLC4692,sealice_microbiome,mot_cal,U4292,NA,UBC_Suttle,AV,NA
SLC4577,sealice_microbiome,mot_cal,U4177,NA,UBC_Suttle,AV,NA
SLC4707,sealice_microbiome,mot_cal,U4307,NA,UBC_Suttle,AV,NA
SLC4708,sealice_microbiome,mot_cal,U4308,NA,UBC_Suttle,AV,NA
SLC4584,sealice_microbiome,mot_cal,U4184,NA,UBC_Suttle,AV,NA
SLC4586,sealice_microbiome,mot_cal,U4186,NA,UBC_Suttle,AV,NA
SLC4710,sealice_microbiome,mot_cal,U4310,NA,UBC_Suttle,AV,NA
SLC4589,sealice_microbiome,mot_cal,U4189,NA,UBC_Suttle,AV,NA
SLC4711,sealice_microbiome,mot_cal,U4311,NA,UBC_Suttle,AV,NA
SLC4595,sealice_microbiome,mot_cal,U4195,NA,UBC_Suttle,AV,NA
SLC4714,sealice_microbiome,mot_cal,U4314,NA,UBC_Suttle,AV,NA
SLC4597,sealice_microbiome,mot_cal,U4197,NA,UBC_Suttle,AV,NA
SLC4716,sealice_microbiome,mot_cal,U4316,NA,UBC_Suttle,AV,NA
SLC4613,sealice_microbiome,mot_cal,U4213,NA,UBC_Suttle,AV,NA
SLC4631,sealice_microbiome,mot_cal,U4231,NA,UBC_Suttle,AV,NA
SLC4748,sealice_microbiome,mot_cal,U4348,NA,UBC_Suttle,AV,NA
SLC4751,sealice_microbiome,mot_cal,U4351,NA,UBC_Suttle,AV,NA
SLC4615,sealice_microbiome,mot_cal,U4215,NA,UBC_Suttle,AV,NA
SLC4753,sealice_microbiome,mot_cal,U4353,NA,UBC_Suttle,AV,NA
SLC4720,sealice_microbiome,mot_cal,U4320,NA,UBC_Suttle,AV,NA
SLC4721,sealice_microbiome,mot_cal,U4321,NA,UBC_Suttle,AV,NA
SLC4725,sealice_microbiome,mot_cal,U4325,NA,UBC_Suttle,AV,NA
SLC4733,sealice_microbiome,mot_cal,U4333,NA,UBC_Suttle,AV,NA
SLC4763,sealice_microbiome,mot_cal,U4363,NA,UBC_Suttle,AV,NA
SLC4637,sealice_microbiome,mot_cal,U4237,NA,UBC_Suttle,AV,NA
SLC4769,sealice_microbiome,mot_cal,U4369,NA,UBC_Suttle,AV,NA
SLC4741,sealice_microbiome,mot_cal,U4341,NA,UBC_Suttle,AV,NA
SLC5404,sealice_microbiome,mot_cal,U4904,NA,UBC_Suttle,SVC,Cannot be verified. Transcribed duplicate location BLC2-10
SLC4426,sealice_microbiome,mot_cal,U4026,NA,UBC_Suttle,SVC,Cannot be verified. Transcribed duplicate location BLC2-10
SLC4790,sealice_microbiome,mot_cal,U4390,NA,UBC_Suttle,AV,NA
SLC4794,sealice_microbiome,mot_cal,U4394,NA,UBC_Suttle,AV,NA
SLC4297,sealice_microbiome,mot_cal,U3897,NA,UBC_Suttle,AV,NA
SLC4824,sealice_microbiome,mot_cal,U4424,NA,UBC_Suttle,AV,NA
SLC4298,sealice_microbiome,mot_cal,U3898,NA,UBC_Suttle,AV,NA
SLC4796,sealice_microbiome,mot_cal,U4396,NA,UBC_Suttle,AV,NA
SLC5409,sealice_microbiome,mot_cal,U4909,NA,UBC_Suttle,AV,NA
SLC4798,sealice_microbiome,mot_cal,U4398,NA,UBC_Suttle,AV,NA
SLC5413,sealice_microbiome,mot_cal,U4913,NA,UBC_Suttle,AV,NA
SLC4251,sealice_microbiome,mot_cal,U3851,NA,UBC_Suttle,AV,NA
SLC4799,sealice_microbiome,mot_cal,U4399,NA,UBC_Suttle,AV,NA
SLC4843,sealice_microbiome,mot_cal,U4443,NA,UBC_Suttle,AV,NA
SLC5416,sealice_microbiome,mot_cal,U4916,NA,UBC_Suttle,AV,NA
SLC4830,sealice_microbiome,mot_cal,U4430,NA,UBC_Suttle,AV,NA
SLC4831,sealice_microbiome,mot_cal,U4431,NA,UBC_Suttle,AV,NA
SLC4844,sealice_microbiome,mot_cal,U4444,NA,UBC_Suttle,AV,NA
SLC4439,sealice_microbiome,mot_cal,U4039,NA,UBC_Suttle,AV,NA
SLC4802,sealice_microbiome,mot_cal,U4402,NA,UBC_Suttle,AV,NA
SLC4765,sealice_microbiome,mot_cal,U4365,NA,UBC_Suttle,AV,NA
SLC4367,sealice_microbiome,mot_cal,U3967,NA,UBC_Suttle,AV,NA
SLC4832,sealice_microbiome,mot_cal,U4432,NA,UBC_Suttle,AV,NA
SLC4846,sealice_microbiome,mot_cal,U4446,NA,UBC_Suttle,AV,NA
SLC4833,sealice_microbiome,mot_cal,U4433,NA,UBC_Suttle,AV,NA
SLC4859,sealice_microbiome,mot_cal,U4459,NA,UBC_Suttle,AV,NA
SLC4250,sealice_microbiome,mot_cal,U3850,NA,UBC_Suttle,AV,NA
SLC4834,sealice_microbiome,mot_cal,U4434,NA,UBC_Suttle,AV,NA
SLC4806,sealice_microbiome,mot_cal,U4406,NA,UBC_Suttle,AV,NA
SLC4300,sealice_microbiome,mot_cal,U3900,NA,UBC_Suttle,AV,NA
SLC4815,sealice_microbiome,mot_cal,U4415,NA,UBC_Suttle,AV,NA
SLC4440,sealice_microbiome,mot_cal,U4040,NA,UBC_Suttle,AV,NA
SLC4809,sealice_microbiome,mot_cal,U4409,NA,UBC_Suttle,AV,NA
SLC4862,sealice_microbiome,mot_cal,U4462,NA,UBC_Suttle,AV,NA
SLC4743,sealice_microbiome,mot_cal,U4343,NA,UBC_Suttle,AV,NA
SLC4301,sealice_microbiome,mot_cal,U3901,NA,UBC_Suttle,AV,NA
SLC4839,sealice_microbiome,mot_cal,U4439,NA,UBC_Suttle,AV,NA
SLC4138,sealice_microbiome,mot_cal,U3738,NA,UBC_Suttle,AV,NA
SLC4840,sealice_microbiome,mot_cal,U4440,NA,UBC_Suttle,AV,NA
SLC4139,sealice_microbiome,mot_cal,U3739,NA,UBC_Suttle,AV,NA
SLC4863,sealice_microbiome,mot_cal,U4463,NA,UBC_Suttle,AV,NA
SLC4140,sealice_microbiome,mot_cal,U3740,NA,UBC_Suttle,AV,NA
SLC4894,sealice_microbiome,mot_cal,U4494,NA,UBC_Suttle,AV,NA
SLC5412,sealice_microbiome,mot_cal,U4912,NA,UBC_Suttle,AV,NA
SLC4897,sealice_microbiome,mot_cal,U4497,NA,UBC_Suttle,AV,NA
SLC4898,sealice_microbiome,mot_cal,U4498,NA,UBC_Suttle,AV,NA
SLC5452,sealice_microbiome,mot_cal,U4952,NA,UBC_Suttle,AV,NA
SLC4901,sealice_microbiome,mot_cal,U4501,NA,UBC_Suttle,AV,NA
SLC4142,sealice_microbiome,mot_cal,U3742,NA,UBC_Suttle,AV,NA
SLC4903,sealice_microbiome,mot_cal,U4503,NA,UBC_Suttle,AV,NA
SLC4431,sealice_microbiome,mot_cal,U4031,NA,UBC_Suttle,AV,NA
SLC4866,sealice_microbiome,mot_cal,U4466,NA,UBC_Suttle,AV,NA
SLC4768,sealice_microbiome,mot_cal,U4368,NA,UBC_Suttle,AV,NA
SLC4868,sealice_microbiome,mot_cal,U4468,NA,UBC_Suttle,AV,NA
SLC4914,sealice_microbiome,mot_cal,U4514,NA,UBC_Suttle,AV,NA
SLC4909,sealice_microbiome,mot_cal,U4509,NA,UBC_Suttle,AV,NA
SLC4812,sealice_microbiome,mot_cal,U4412,NA,UBC_Suttle,AV,NA
SLC4870,sealice_microbiome,mot_cal,U4470,NA,UBC_Suttle,AV,NA
SLC5402,sealice_microbiome,mot_cal,U4902,NA,UBC_Suttle,AV,NA
SLC4872,sealice_microbiome,mot_cal,U4472,NA,UBC_Suttle,AV,NA
SLC4873,sealice_microbiome,mot_cal,U4473,NA,UBC_Suttle,AV,NA
SLC4307,sealice_microbiome,mot_cal,U3907,NA,UBC_Suttle,AV,NA
SLC4875,sealice_microbiome,mot_cal,U4475,NA,UBC_Suttle,AV,NA
SLC4430,sealice_microbiome,mot_cal,U4030,NA,UBC_Suttle,AV,NA
SLC4937,sealice_microbiome,mot_cal,U4537,NA,UBC_Suttle,AV,NA
SLC4876,sealice_microbiome,mot_cal,U4476,NA,UBC_Suttle,AV,NA
SLC5441,sealice_microbiome,mot_cal,U4941,NA,UBC_Suttle,SVC,Cannot be verified. Transcribed duplicate location BLC2-89
SLC4877,sealice_microbiome,mot_cal,U4477,NA,UBC_Suttle,SVC,Cannot be verified. Transcribed duplicate location BLC2-89
SLC4819,sealice_microbiome,mot_cal,U4419,NA,UBC_Suttle,AV,NA
SLC4427,sealice_microbiome,mot_cal,U4027,NA,UBC_Suttle,AV,NA
SLC4947,sealice_microbiome,mot_cal,U4547,NA,UBC_Suttle,AV,NA
SLC5439,sealice_microbiome,mot_cal,U4939,NA,UBC_Suttle,AV,NA
SLC4948,sealice_microbiome,mot_cal,U4548,NA,UBC_Suttle,AV,NA
SLC4949,sealice_microbiome,mot_cal,U4549,NA,UBC_Suttle,AV,NA
SLC4306,sealice_microbiome,mot_cal,U3906,NA,UBC_Suttle,AV,NA
SLC4878,sealice_microbiome,mot_cal,U4478,NA,UBC_Suttle,AV,NA
SLC5401,sealice_microbiome,mot_cal,U4901,NA,UBC_Suttle,AV,NA
SLC4950,sealice_microbiome,mot_cal,U4550,NA,UBC_Suttle,AV,NA
SLC5017,sealice_microbiome,mot_cal,U4617,NA,UBC_Suttle,AV,NA
SLC5019,sealice_microbiome,mot_cal,U4619,NA,UBC_Suttle,AV,NA
SLC4932,sealice_microbiome,mot_cal,U4532,NA,UBC_Suttle,AV,NA
SLC4934,sealice_microbiome,mot_cal,U4534,NA,UBC_Suttle,AV,NA
SLC5023,sealice_microbiome,mot_cal,U4623,NA,UBC_Suttle,AV,NA
SLC4935,sealice_microbiome,mot_cal,U4535,NA,UBC_Suttle,AV,NA
SLC5024,sealice_microbiome,mot_cal,U4624,NA,UBC_Suttle,AV,NA
SLC5026,sealice_microbiome,mot_cal,U4626,NA,UBC_Suttle,AV,NA
SLC4962,sealice_microbiome,mot_cal,U4562,NA,UBC_Suttle,AV,NA
SLC4881,sealice_microbiome,mot_cal,U4481,NA,UBC_Suttle,AV,NA
SLC5057,sealice_microbiome,mot_cal,U4657,NA,UBC_Suttle,AV,NA
SLC5027,sealice_microbiome,mot_cal,U4627,NA,UBC_Suttle,AV,NA
SLC4963,sealice_microbiome,mot_cal,U4563,NA,UBC_Suttle,AV,NA
SLC5180,sealice_microbiome,mot_cal,U4730,NA,UBC_Suttle,AV,NA
SLC5028,sealice_microbiome,mot_cal,U4628,NA,UBC_Suttle,AV,NA
SLC5036,sealice_microbiome,mot_cal,U4636,NA,UBC_Suttle,AV,NA
SLC5038,sealice_microbiome,mot_cal,U4638,NA,UBC_Suttle,AV,NA
SLC5081,sealice_microbiome,mot_cal,U4681,NA,UBC_Suttle,AV,NA
SLC5066,sealice_microbiome,mot_cal,U4666,NA,UBC_Suttle,AV,NA
SLC4785,sealice_microbiome,mot_cal,U4385,NA,UBC_Suttle,AV,NA
SLC5067,sealice_microbiome,mot_cal,U4667,NA,UBC_Suttle,AV,NA
SLC5070,sealice_microbiome,mot_cal,U4670,NA,UBC_Suttle,AV,NA
SLC5071,sealice_microbiome,mot_cal,U4671,NA,UBC_Suttle,AV,NA
SLC4971,sealice_microbiome,mot_cal,U4571,NA,UBC_Suttle,AV,NA
SLC4974,sealice_microbiome,mot_cal,U4574,NA,UBC_Suttle,AV,NA
SLC5040,sealice_microbiome,mot_cal,U4640,NA,UBC_Suttle,AV,NA
SLC4976,sealice_microbiome,mot_cal,U4576,NA,UBC_Suttle,AV,NA
SLC4982,sealice_microbiome,mot_cal,U4582,NA,UBC_Suttle,AV,NA
SLC4983,sealice_microbiome,mot_cal,U4583,NA,UBC_Suttle,AV,NA
SLC4788,sealice_microbiome,mot_cal,U4388,NA,UBC_Suttle,AV,NA
SLC5050,sealice_microbiome,mot_cal,U4650,NA,UBC_Suttle,AV,NA
SLC5227,sealice_microbiome,mot_cal,U4777,NA,UBC_Suttle,AV,NA
SLC5231,sealice_microbiome,mot_cal,U4781,NA,UBC_Suttle,AV,NA
SLC5233,sealice_microbiome,mot_cal,U4783,NA,UBC_Suttle,AV,NA
SLC5185,sealice_microbiome,mot_cal,U4735,NA,UBC_Suttle,AV,NA
SLC5186,sealice_microbiome,mot_cal,U4736,NA,UBC_Suttle,AV,NA
SLC5193,sealice_microbiome,mot_cal,U4743,NA,UBC_Suttle,AV,NA
SLC5197,sealice_microbiome,mot_cal,U4747,NA,UBC_Suttle,AV,NA
SLC4886,sealice_microbiome,mot_cal,U4486,NA,UBC_Suttle,AV,NA
SLC4888,sealice_microbiome,mot_cal,U4488,NA,UBC_Suttle,AV,NA
SLC5239,sealice_microbiome,mot_cal,U4789,NA,UBC_Suttle,AV,NA
SLC5240,sealice_microbiome,mot_cal,U4790,NA,UBC_Suttle,AV,NA
SLC5242,sealice_microbiome,mot_cal,U4792,NA,UBC_Suttle,AV,NA
SLC5274,sealice_microbiome,mot_cal,U4824,NA,UBC_Suttle,AV,NA
SLC5259,sealice_microbiome,mot_cal,U4809,NA,UBC_Suttle,AV,NA
SLC5188,sealice_microbiome,mot_cal,U4738,NA,UBC_Suttle,AV,NA
SLC5276,sealice_microbiome,mot_cal,U4826,NA,UBC_Suttle,AV,NA
SLC5277,sealice_microbiome,mot_cal,U4827,NA,UBC_Suttle,AV,NA
SLC5010,sealice_microbiome,mot_cal,U4610,NA,UBC_Suttle,AV,NA
SLC5262,sealice_microbiome,mot_cal,U4812,NA,UBC_Suttle,AV,NA
SLC5264,sealice_microbiome,mot_cal,U4814,NA,UBC_Suttle,AV,NA
SLC5267,sealice_microbiome,mot_cal,U4817,NA,UBC_Suttle,AV,NA
SLC5268,sealice_microbiome,mot_cal,U4818,NA,UBC_Suttle,AV,NA
SLC5299,sealice_microbiome,mot_cal,U4849,NA,UBC_Suttle,AV,NA
SLC5305,sealice_microbiome,mot_cal,U4855,NA,UBC_Suttle,AV,NA
SLC5308,sealice_microbiome,mot_cal,U4858,NA,UBC_Suttle,AV,NA
SLC5309,sealice_microbiome,mot_cal,U4859,NA,UBC_Suttle,AV,NA
SLC5311,sealice_microbiome,mot_cal,U4861,NA,UBC_Suttle,AV,NA
SLC5011,sealice_microbiome,mot_cal,U4611,NA,UBC_Suttle,AV,NA
SLC5313,sealice_microbiome,mot_cal,U4863,NA,UBC_Suttle,AV,NA
SLC5314,sealice_microbiome,mot_cal,U4864,NA,UBC_Suttle,AV,NA
SLC5317,sealice_microbiome,mot_cal,U4867,NA,UBC_Suttle,AV,NA
SLC5318,sealice_microbiome,mot_cal,U4868,NA,UBC_Suttle,AV,NA
SLC5321,sealice_microbiome,mot_cal,U4871,NA,UBC_Suttle,AV,NA
SLC5207,sealice_microbiome,mot_cal,U4757,NA,UBC_Suttle,AV,NA
SLC5209,sealice_microbiome,mot_cal,U4759,NA,UBC_Suttle,AV,NA
SLC4925,sealice_microbiome,mot_cal,U4525,NA,UBC_Suttle,AV,NA
SLC4455,sealice_microbiome,mot_cal,U4055,NA,UBC_Suttle,AV,NA
SLC4465,sealice_microbiome,mot_cal,U4065,NA,UBC_Suttle,AV,NA
SLC4148,sealice_microbiome,mot_cal,U3748,NA,UBC_Suttle,AV,NA
SLC4149,sealice_microbiome,mot_cal,U3749,NA,UBC_Suttle,AV,NA
SLC4150,sealice_microbiome,mot_cal,U3750,NA,UBC_Suttle,AV,NA
SLC4442,sealice_microbiome,mot_cal,U4042,NA,UBC_Suttle,AV,NA
SLC4513,sealice_microbiome,mot_cal,U4113,NA,UBC_Suttle,AV,NA
SLC4481,sealice_microbiome,mot_cal,U4081,NA,UBC_Suttle,AV,NA
SLC4524,sealice_microbiome,mot_cal,U4124,NA,UBC_Suttle,AV,NA
SLC4525,sealice_microbiome,mot_cal,U4125,NA,UBC_Suttle,AV,NA
SLC4456,sealice_microbiome,mot_cal,U4056,NA,UBC_Suttle,AV,NA
SLC4517,sealice_microbiome,mot_cal,U4117,NA,UBC_Suttle,AV,NA
SLC4483,sealice_microbiome,mot_cal,U4083,NA,UBC_Suttle,AV,NA
SLC4445,sealice_microbiome,mot_cal,U4045,NA,UBC_Suttle,AV,NA
SLC4519,sealice_microbiome,mot_cal,U4119,NA,UBC_Suttle,AV,NA
SLC4446,sealice_microbiome,mot_cal,U4046,NA,UBC_Suttle,AV,NA
SLC4507,sealice_microbiome,mot_cal,U4107,NA,UBC_Suttle,AV,NA
SLC4522,sealice_microbiome,mot_cal,U4122,NA,UBC_Suttle,AV,NA
SLC4450,sealice_microbiome,mot_cal,U4050,NA,UBC_Suttle,AV,NA
SLC4470,sealice_microbiome,mot_cal,U4070,NA,UBC_Suttle,AV,NA
SLC4545,sealice_microbiome,mot_cal,U4145,NA,UBC_Suttle,AV,NA
SLC4462,sealice_microbiome,mot_cal,U4062,NA,UBC_Suttle,AV,NA
SLC4535,sealice_microbiome,mot_cal,U4135,NA,UBC_Suttle,AV,NA
SLC4463,sealice_microbiome,mot_cal,U4063,NA,UBC_Suttle,AV,NA
SLC4546,sealice_microbiome,mot_cal,U4146,NA,UBC_Suttle,AV,NA
SLC4464,sealice_microbiome,mot_cal,U4064,NA,UBC_Suttle,AV,NA
SLC4536,sealice_microbiome,mot_cal,U4136,NA,UBC_Suttle,AV,NA
SLC4548,sealice_microbiome,mot_cal,U4148,NA,UBC_Suttle,AV,NA
SLC4530,sealice_microbiome,mot_cal,U4130,NA,UBC_Suttle,AV,NA
SLC4457,sealice_microbiome,mot_cal,U4057,NA,UBC_Suttle,AV,NA
SLC5547,sealice_microbiome,mot_cal,U5008,NA,UBC_Suttle,AV,NA
SLC5499,sealice_microbiome,mot_cal,U4960,NA,UBC_Suttle,AV,NA
SLC5504,sealice_microbiome,mot_cal,U4965,NA,UBC_Suttle,AV,NA
SLC4557,sealice_microbiome,mot_cal,U4157,NA,UBC_Suttle,AV,NA
SLC5509,sealice_microbiome,mot_cal,U4970,NA,UBC_Suttle,AV,NA
SLC5514,sealice_microbiome,mot_cal,U4975,NA,UBC_Suttle,AV,NA
SLC4573,sealice_microbiome,mot_cal,U4173,NA,UBC_Suttle,AV,NA
SLC5445,sealice_microbiome,mot_cal,U4945,NA,UBC_Suttle,AV,NA
SLC5551,sealice_microbiome,mot_cal,U5012,NA,UBC_Suttle,AV,NA
SLC4489,sealice_microbiome,mot_cal,U4089,NA,UBC_Suttle,AV,NA
SLC5554,sealice_microbiome,mot_cal,U5015,NA,UBC_Suttle,AV,NA
SLC5556,sealice_microbiome,mot_cal,U5017,NA,UBC_Suttle,AV,NA
SLC5558,sealice_microbiome,mot_cal,U5019,NA,UBC_Suttle,AV,NA
SLC5562,sealice_microbiome,mot_cal,U5023,NA,UBC_Suttle,AV,NA
SLC5567,sealice_microbiome,mot_cal,U5028,NA,UBC_Suttle,AV,NA
SLC5568,sealice_microbiome,mot_cal,U5029,NA,UBC_Suttle,AV,NA
SLC5569,sealice_microbiome,mot_cal,U5030,NA,UBC_Suttle,AV,NA
SLC4510,sealice_microbiome,mot_cal,U4110,NA,UBC_Suttle,AV,NA
SLC4511,sealice_microbiome,mot_cal,U4111,NA,UBC_Suttle,AV,NA
SLC4504,sealice_microbiome,mot_cal,U4104,NA,UBC_Suttle,AV,NA
SLC4563,sealice_microbiome,mot_cal,U4163,NA,UBC_Suttle,AV,NA
SLC4564,sealice_microbiome,mot_cal,U4164,NA,UBC_Suttle,AV,NA
SLC4565,sealice_microbiome,mot_cal,U4165,NA,UBC_Suttle,AV,NA
SLC4566,sealice_microbiome,mot_cal,U4166,NA,UBC_Suttle,AV,NA
SLC4512,sealice_microbiome,mot_cal,U4112,NA,UBC_Suttle,AV,NA
SLC4503,sealice_microbiome,mot_cal,U4103,NA,UBC_Suttle,AV,NA
SLC5541,sealice_microbiome,mot_cal,U5002,NA,UBC_Suttle,AV,NA
SLC4497,sealice_microbiome,mot_cal,U4097,NA,UBC_Suttle,AV,NA
SLC4496,sealice_microbiome,mot_cal,U4096,NA,UBC_Suttle,AV,NA
SLL4708,sealice_microbiome,mot_lep,U4308,NA,UBC_Suttle,AV,NA
SLL5402,sealice_microbiome,mot_lep,U4902,NA,UBC_Suttle,AV,NA
SLL4296,sealice_microbiome,mot_lep,U3896,NA,UBC_Suttle,AV,NA
SLL4426,sealice_microbiome,mot_lep,U4026,NA,UBC_Suttle,AV,NA
SLL4300,sealice_microbiome,mot_lep,U3900,NA,UBC_Suttle,AV,NA
SLL4433,sealice_microbiome,mot_lep,U4033,NA,UBC_Suttle,AV,NA
SLL4140,sealice_microbiome,mot_lep,U3740,NA,UBC_Suttle,AV,NA
SLL4142,sealice_microbiome,mot_lep,U3742,NA,UBC_Suttle,AV,NA
SLL5438,sealice_microbiome,mot_lep,U4938,NA,UBC_Suttle,AV,NA
SLL4715,sealice_microbiome,mot_lep,U4315,NA,UBC_Suttle,AV,NA
SLL5439,sealice_microbiome,mot_lep,U4939,NA,UBC_Suttle,AV,NA
SLL5406,sealice_microbiome,mot_lep,U4906,NA,UBC_Suttle,SVC,Cannot be verified. Transcribed duplicate location BLL1-23
SLL4149,sealice_microbiome,mot_lep,U3749,NA,UBC_Suttle,SVC,Cannot be verified. Transcribed duplicate location BLL1-23
SLL4474,sealice_microbiome,mot_lep,U4074,NA,UBC_Suttle,SVC,Cannot be verified. Transcribed duplicate location BLL1-23
SLL4443,sealice_microbiome,mot_lep,U4043,NA,UBC_Suttle,AV,NA
SLL4478,sealice_microbiome,mot_lep,U4078,NA,UBC_Suttle,AV,NA
SLL4566,sealice_microbiome,mot_lep,U4166,NA,UBC_Suttle,AV,NA
SLL5509,sealice_microbiome,mot_lep,U4970,NA,UBC_Suttle,AV,NA
SLL5517,sealice_microbiome,mot_lep,U4978,NA,UBC_Suttle,AV,NA
SLL4848,sealice_microbiome,mot_lep,U4448,NA,UBC_Suttle,AV,NA
SLL5518,sealice_microbiome,mot_lep,U4979,NA,UBC_Suttle,AV,NA
SLL5519,sealice_microbiome,mot_lep,U4980,NA,UBC_Suttle,AV,NA
SLL5418,sealice_microbiome,mot_lep,U4918,NA,UBC_Suttle,AV,NA
SLL5419,sealice_microbiome,mot_lep,U4919,NA,UBC_Suttle,AV,NA
SLL4839,sealice_microbiome,mot_lep,U4439,NA,UBC_Suttle,AV,NA
SLL4864,sealice_microbiome,mot_lep,U4464,NA,UBC_Suttle,AV,NA
SLL4990,sealice_microbiome,mot_lep,U4590,NA,UBC_Suttle,AV,NA
SLL4925,sealice_microbiome,mot_lep,U4525,NA,UBC_Suttle,AV,NA
SLL4567,sealice_microbiome,mot_lep,U4167,NA,UBC_Suttle,AV,NA
SLL5060,sealice_microbiome,mot_lep,U4660,NA,UBC_Suttle,AV,NA
SLL5401,sealice_microbiome,mot_lep,U4901,NA,UBC_Suttle,AV,NA
SLL5582,sealice_microbiome,mot_lep,U5043,NA,UBC_Suttle,AV,NA
S12987LC1,sealice_microbiome,mot_cal,U12987,NA,UBC_Suttle,AV,NA
S10971LC1,sealice_microbiome,mot_cal,U10971,NA,UBC_Suttle,AV,NA
S10110LL1,sealice_microbiome,mot_lep,U10110,Sea lice thawed,UBC_Suttle,AV,NA
S10973LC1,sealice_microbiome,mot_cal,U10973,NA,UBC_Suttle,AV,NA
S10980LC1,sealice_microbiome,mot_cal,U10980,NA,UBC_Suttle,AV,NA
S10978LC1,sealice_microbiome,mot_cal,U10978,NA,UBC_Suttle,AV,NA
S12554LC1,sealice_microbiome,mot_cal,U12554,NA,UBC_Suttle,AV,NA
S12904LC1,sealice_microbiome,mot_cal,U12904,NA,UBC_Suttle,AV,NA
S10736LC1,sealice_microbiome,mot_cal,U10736,NA,UBC_Suttle,AV,NA
S10734LC1,sealice_microbiome,mot_cal,U10734,NA,UBC_Suttle,AV,NA
S10740LC1,sealice_microbiome,mot_cal,U10740,NA,UBC_Suttle,AV,NA
S12813LC1,sealice_microbiome,mot_cal,U12813,NA,UBC_Suttle,AV,NA
S10732LC1,sealice_microbiome,mot_cal,U10732,NA,UBC_Suttle,AV,NA
S10738LC1,sealice_microbiome,mot_cal,U10738,NA,UBC_Suttle,AV,NA
S12572LC1,sealice_microbiome,mot_cal,U12572,NA,UBC_Suttle,AV,NA
S12665LC1,sealice_microbiome,mot_cal,U12665,NA,UBC_Suttle,AV,NA
S12668LC1,sealice_microbiome,mot_cal,U12668,NA,UBC_Suttle,AV,NA
S12670LL1,sealice_microbiome,mot_lep,U12670,NA,UBC_Suttle,AV,NA
S12666LC1,sealice_microbiome,mot_cal,U12666,NA,UBC_Suttle,AV,NA
S12413LC1,sealice_microbiome,mot_cal,U12413,NA,UBC_Suttle,AV,NA
S12420LC1,sealice_microbiome,mot_cal,U12420,NA,UBC_Suttle,AV,NA
S12820LC1,sealice_microbiome,mot_cal,U12820,NA,UBC_Suttle,AV,NA
S10741LC1,sealice_microbiome,mot_cal,U10741,NA,UBC_Suttle,AV,NA
S12422LC1,sealice_microbiome,mot_cal,U12422,NA,UBC_Suttle,AV,NA
S12951LC1,sealice_microbiome,mot_cal,U12951,NA,UBC_Suttle,AV,NA
S11070LC1,sealice_microbiome,mot_cal,U11070,NA,UBC_Suttle,AV,NA
S11054LC1,sealice_microbiome,mot_cal,U11054,NA,UBC_Suttle,AV,NA
S12612LC1,sealice_microbiome,mot_cal,U12612,NA,UBC_Suttle,AV,NA
S12613LC1,sealice_microbiome,mot_cal,U12613,NA,UBC_Suttle,AV,NA
S12618LC1,sealice_microbiome,mot_cal,U12618,NA,UBC_Suttle,AV,NA
S12617LC1,sealice_microbiome,mot_cal,U12617,NA,UBC_Suttle,AV,NA
S12974LC1,sealice_microbiome,mot_cal,U12974,NA,UBC_Suttle,AV,NA
S12700LC1,sealice_microbiome,mot_cal,U12700,NA,UBC_Suttle,AV,NA
S12700LL1,sealice_microbiome,mot_lep,U12700,NA,UBC_Suttle,AV,NA
S12694LC1,sealice_microbiome,mot_cal,U12694,NA,UBC_Suttle,AV,NA
S12697LC1,sealice_microbiome,mot_cal,U12697,NA,UBC_Suttle,AV,NA
S12691LC1,sealice_microbiome,mot_cal,U12691,NA,UBC_Suttle,AV,NA
S10725LC1,sealice_microbiome,mot_cal,U10725,NA,UBC_Suttle,AV,NA
S10729LC1,sealice_microbiome,mot_cal,U10729,NA,UBC_Suttle,AV,NA
S12965LC1,sealice_microbiome,mot_cal,U12965,NA,UBC_Suttle,AV,NA
S12566LC1,sealice_microbiome,mot_cal,U12566,NA,UBC_Suttle,AV,NA
S12973LC1,sealice_microbiome,mot_cal,U12973,NA,UBC_Suttle,AV,NA
S10088LC1,sealice_microbiome,mot_cal,U10088,NA,UBC_Suttle,AV,NA
S10561LC1,sealice_microbiome,mot_cal,U10561,NA,UBC_Suttle,AV,NA
S12693LC1,sealice_microbiome,mot_cal,U12693,NA,UBC_Suttle,AV,NA
S11169LC1,sealice_microbiome,mot_cal,U11169,NA,UBC_Suttle,AV,NA
S11163LC1,sealice_microbiome,mot_cal,U11163,NA,UBC_Suttle,AV,NA
S11161LC1,sealice_microbiome,mot_cal,U11161,NA,UBC_Suttle,AV,NA
S11322LC1,sealice_microbiome,mot_cal,U11322,NA,UBC_Suttle,AV,NA
S11323LC1,sealice_microbiome,mot_cal,U11323,NA,UBC_Suttle,AV,NA
S11321LC1,sealice_microbiome,mot_cal,U11321,NA,UBC_Suttle,AV,NA
S11170LC1,sealice_microbiome,mot_cal,U11170,NA,UBC_Suttle,AV,NA
S12975LC1,sealice_microbiome,mot_cal,U12975,NA,UBC_Suttle,AV,NA
S11166LC1,sealice_microbiome,mot_cal,U11166,NA,UBC_Suttle,AV,NA
S10084LC1,sealice_microbiome,mot_cal,U10084,NA,UBC_Suttle,AV,NA
S12721LC1,sealice_microbiome,mot_cal,U12721,NA,UBC_Suttle,AV,NA
S12727LC1,sealice_microbiome,mot_cal,U12727,NA,UBC_Suttle,AV,NA
S12726LC1,sealice_microbiome,mot_cal,U12726,NA,UBC_Suttle,AV,NA
S10722LC1,sealice_microbiome,mot_cal,U10722,NA,UBC_Suttle,AV,NA
S10730LL1,sealice_microbiome,mot_lep,U10730,NA,UBC_Suttle,AV,NA
S10721LC1,sealice_microbiome,mot_cal,U10721,NA,UBC_Suttle,AV,NA
S12977LC1,sealice_microbiome,mot_cal,U12977,NA,UBC_Suttle,AV,NA
S10518LC1,sealice_microbiome,mot_cal,U10518,NA,UBC_Suttle,AV,NA
S13003LC1,sealice_microbiome,mot_cal,U13003,NA,UBC_Suttle,AV,NA
S10527LC1,sealice_microbiome,mot_cal,U10527,NA,UBC_Suttle,AV,NA
S10610LC1,sealice_microbiome,mot_cal,U10610,NA,UBC_Suttle,AV,NA
S11089LC1,sealice_microbiome,mot_cal,U11089,NA,UBC_Suttle,AV,NA
S11082LC1,sealice_microbiome,mot_cal,U11082,NA,UBC_Suttle,AV,NA
S11088LL1,sealice_microbiome,mot_lep,U11088,NA,UBC_Suttle,AV,NA
S12690LC1,sealice_microbiome,mot_cal,U12690,NA,UBC_Suttle,AV,NA
S12684LL1,sealice_microbiome,mot_lep,U12684,NA,UBC_Suttle,AV,NA
S10972LC1,sealice_microbiome,mot_cal,U10972,NA,UBC_Suttle,AV,NA
S12926LC1,sealice_microbiome,mot_cal,U12926,NA,UBC_Suttle,AV,NA
S12922LC1,sealice_microbiome,mot_cal,U12922,NA,UBC_Suttle,AV,NA
S12924LC1,sealice_microbiome,mot_cal,U12924,NA,UBC_Suttle,AV,NA
S12927LC1,sealice_microbiome,mot_cal,U12927,NA,UBC_Suttle,AV,NA
S12930LC1,sealice_microbiome,mot_cal,U12930,NA,UBC_Suttle,AV,NA
S12605LC1,sealice_microbiome,mot_cal,U12605,NA,UBC_Suttle,AV,NA
S12607LC1,sealice_microbiome,mot_cal,U12607,NA,UBC_Suttle,AV,NA
S12604LC1,sealice_microbiome,mot_cal,U12604,NA,UBC_Suttle,AV,NA
S10769LC1,sealice_microbiome,mot_cal,U10769,NA,UBC_Suttle,AV,NA
S12735LC1,sealice_microbiome,mot_cal,U12735,NA,UBC_Suttle,AV,NA
S10982LC1,sealice_microbiome,mot_cal,U10982,NA,UBC_Suttle,AV,NA
S10986LC1,sealice_microbiome,mot_cal,U10986,NA,UBC_Suttle,AV,NA
S10654LC1,sealice_microbiome,mot_cal,U10654,NA,UBC_Suttle,AV,NA
S10655LC1,sealice_microbiome,mot_cal,U10655,NA,UBC_Suttle,AV,NA
S10580LC1,sealice_microbiome,mot_cal,U10580,NA,UBC_Suttle,AV,NA
S10962LC1,sealice_microbiome,mot_cal,U10962,NA,UBC_Suttle,AV,NA
S10969LC1,sealice_microbiome,mot_cal,U10969,NA,UBC_Suttle,AV,NA
S10129LC1,sealice_microbiome,mot_cal,U10129,NA,UBC_Suttle,AV,NA
S12808LC1,sealice_microbiome,mot_cal,U12808,NA,UBC_Suttle,AV,NA
S10489LC1,sealice_microbiome,mot_cal,U10489,NA,UBC_Suttle,AV,NA
S12731LC1,sealice_microbiome,mot_cal,U12731,NA,UBC_Suttle,AV,NA
S12804LC1,sealice_microbiome,mot_cal,U12804,NA,UBC_Suttle,AV,NA
S12806LC1,sealice_microbiome,mot_cal,U12806,NA,UBC_Suttle,AV,NA
S10168LC1,sealice_microbiome,mot_cal,U10168,NA,UBC_Suttle,AV,NA
S10164LC1,sealice_microbiome,mot_cal,U10164,NA,UBC_Suttle,AV,NA
S10167LC1,sealice_microbiome,mot_cal,U10167,NA,UBC_Suttle,AV,NA
S12410LC1,sealice_microbiome,mot_cal,U12410,NA,UBC_Suttle,AV,NA
S13201LC1,sealice_microbiome,mot_cal,U13201,NA,UBC_Suttle,AV,NA
S10530LC1,sealice_microbiome,mot_cal,U10530,NA,UBC_Suttle,AV,NA
S17092LL1,sealice_microbiome,mot_lep,U17092,NA,UBC_Suttle,AV,NA
S17096LL1,sealice_microbiome,mot_lep,U17096,NA,UBC_Suttle,AV,NA
S17094LL1,sealice_microbiome,mot_lep,U17094,NA,UBC_Suttle,AV,NA
S16014LL1,sealice_microbiome,mot_lep,U16014,bottom half of louse only,UBC_Suttle,AV,NA
S16017LL1,sealice_microbiome,mot_lep,U16017,NA,UBC_Suttle,AV,NA
S17041LL1,sealice_microbiome,mot_lep,U17041,NA,UBC_Suttle,AV,NA
S17326SL1,sealice_microbiome,mot_pool,U17326,NA,UBC_Suttle,AV,NA
S17381SL1,sealice_microbiome,mot_pool,U17381,NA,UBC_Suttle,AV,NA
S17389SL1,sealice_microbiome,mot_pool,U17389,NA,UBC_Suttle,AV,NA
S17117SL1,sealice_microbiome,mot_pool,U17117,NA,UBC_Suttle,AV,NA
S17111SL1,sealice_microbiome,mot_pool,U17111,NA,UBC_Suttle,AV,NA
S17118SL1,sealice_microbiome,mot_pool,U17118,NA,UBC_Suttle,AV,NA
S10990LL1,sealice_microbiome,mot_lep,U10990,NA,UBC_Suttle,AV,NA
S17011SL1,sealice_microbiome,mot_pool,U17011,NA,UBC_Suttle,AV,NA
S16281SL1,sealice_microbiome,mot_pool,U16281,louse was put in ethanol first by accident,UBC_Suttle,AV,NA
S17102SL1,sealice_microbiome,mot_pool,U17102,NA,UBC_Suttle,AV,NA
S17107SL1,sealice_microbiome,mot_pool,U17107,NA,UBC_Suttle,AV,NA
S17106SL1,sealice_microbiome,mot_pool,U17106,NA,UBC_Suttle,AV,NA
S17110SL1,sealice_microbiome,mot_pool,U17110,NA,UBC_Suttle,AV,NA
S17189SL1,sealice_microbiome,mot_pool,U17189,NA,UBC_Suttle,AV,NA
S17186SL1,sealice_microbiome,mot_pool,U17186,NA,UBC_Suttle,AV,NA
S17182SL1,sealice_microbiome,mot_pool,U17182,NA,UBC_Suttle,AV,NA
S17183SL1,sealice_microbiome,mot_pool,U17183,NA,UBC_Suttle,AV,NA
S10984LC1,sealice_microbiome,mot_cal,U10984,NA,UBC_Suttle,AV,NA
S17480SL1,sealice_microbiome,mot_pool,U17480,NA,UBC_Suttle,AV,NA
S17472SL1,sealice_microbiome,mot_pool,U17472,NA,UBC_Suttle,AV,NA
S17475SL1,sealice_microbiome,mot_pool,U17475,NA,UBC_Suttle,AV,NA
S17495SL1,sealice_microbiome,mot_pool,U17495,NA,UBC_Suttle,AV,NA
S10177LC1,sealice_microbiome,mot_cal,U10177,Sample accidentally left in dry ice cooler at -65C overnight,UBC_Suttle,AV,NA
S12653LC1,sealice_microbiome,mot_cal,U12653,Sample accidentally left in dry ice cooler at -65C overnight,UBC_Suttle,AV,NA
SLL5427,sealice_microbiome,mot_lep,U4927,NA,UBC_Suttle,AV,NA
S12655LC1,sealice_microbiome,mot_cal,U12655,thawed. Sample accidentally left in dry ice cooler at -65C overnight,UBC_Suttle,AV,NA
S12658LC1,sealice_microbiome,mot_cal,U12658,Sample accidentally left in dry ice cooler at -65C overnight,UBC_Suttle,AV,NA
S10506LC1,sealice_microbiome,mot_cal,U10506,Sample accidentally left in dry ice cooler at -65C overnight,UBC_Suttle,AV,NA
S10504LC1,sealice_microbiome,mot_cal,U10504,Sample accidentally left in dry ice cooler at -65C overnight,UBC_Suttle,AV,NA
S10503LC1,sealice_microbiome,mot_cal,U10503,CM thawed. Sample accidentally left in dry ice cooler at -65C overnight,UBC_Suttle,AV,NA
S10502LC1,sealice_microbiome,mot_cal,U10502,Sample accidentally left in dry ice cooler at -65C overnight,UBC_Suttle,AV,NA
S12587LC1,sealice_microbiome,mot_cal,U12587,Sample accidentally left in dry ice cooler at -65C overnight,UBC_Suttle,AV,NA
S12582LC1,sealice_microbiome,mot_cal,U12582,Thawed. Sample accidentally left in dry ice cooler at -65C overnight,UBC_Suttle,AV,NA
S10180LC1,sealice_microbiome,mot_cal,U10180,Sample accidentally left in dry ice cooler at -65C overnight,UBC_Suttle,AV,NA
S10782LC1,sealice_microbiome,mot_cal,U10782,NA,UBC_Suttle,AV,NA
S10623LC1,sealice_microbiome,mot_cal,U10623,NA,UBC_Suttle,AV,NA
S10301LC1,sealice_microbiome,mot_cal,U10301,NA,UBC_Suttle,AV,NA
S10593LC1,sealice_microbiome,mot_cal,U10593,NA,UBC_Suttle,AV,NA
S10752LC1,sealice_microbiome,mot_cal,U10752,NA,UBC_Suttle,AV,NA
S10751LC1,sealice_microbiome,mot_cal,U10751,NA,UBC_Suttle,AV,NA
S11311LC1,sealice_microbiome,mot_cal,U11311,NA,UBC_Suttle,AV,NA
S10804LC1,sealice_microbiome,mot_cal,U10804,NA,UBC_Suttle,AV,NA
S12647LC1,sealice_microbiome,mot_cal,U12647,NA,UBC_Suttle,AV,NA
S10178LC1,sealice_microbiome,mot_cal,U10178,Sample accidentally left in dry ice cooler at -65C overnight,UBC_Suttle,AV,NA
S12641LC1,sealice_microbiome,mot_cal,U12641,NA,UBC_Suttle,AV,NA
S11128LC1,sealice_microbiome,mot_cal,U11128,NA,UBC_Suttle,AV,NA
S11121LL1,sealice_microbiome,mot_lep,U11121,NA,UBC_Suttle,AV,NA
S11129LC1,sealice_microbiome,mot_cal,U11129,NA,UBC_Suttle,AV,NA
S5074LC1,sealice_microbiome,mot_cal,U5074,NA,UBC_Suttle,AV,NA
S10606LC1,sealice_microbiome,mot_cal,U10606,NA,UBC_Suttle,AV,NA
S11046LC1,sealice_microbiome,mot_cal,U11046,NA,UBC_Suttle,AV,NA
S10798LC1,sealice_microbiome,mot_cal,U10798,NA,UBC_Suttle,AV,NA
S10803LC1,sealice_microbiome,mot_cal,U10803,NA,UBC_Suttle,AV,NA
S10590LC1,sealice_microbiome,mot_cal,U10590,sea louse found post-dissection; thawed. Sample accidentally left in dry ice cooler at -65C overnight,UBC_Suttle,AV,NA
S10808LC1,sealice_microbiome,mot_cal,U10808,NA,UBC_Suttle,AV,NA
S10645LC1,sealice_microbiome,mot_cal,U10645,NA,UBC_Suttle,AV,NA
S10646LC1,sealice_microbiome,mot_cal,U10646,NA,UBC_Suttle,AV,NA
S10647LC1,sealice_microbiome,mot_cal,U10647,NA,UBC_Suttle,AV,NA
S12999LC1,sealice_microbiome,mot_cal,U12999,NA,UBC_Suttle,AV,NA
S12998LC1,sealice_microbiome,mot_cal,U12998,NA,UBC_Suttle,AV,NA
S13000LC1,sealice_microbiome,mot_cal,U13000,NA,UBC_Suttle,AV,NA
S12991LC1,sealice_microbiome,mot_cal,U12991,NA,UBC_Suttle,AV,NA
S12992LC1,sealice_microbiome,mot_cal,U12992,NA,UBC_Suttle,AV,NA
S10669LC1,sealice_microbiome,mot_cal,U10669,Ucal thawed. Sample accidentally left in dry ice cooler at -65C overnight,UBC_Suttle,AV,NA
S12996LC1,sealice_microbiome,mot_cal,U12996,CM severed genital segment,UBC_Suttle,AV,NA
S12993LC1,sealice_microbiome,mot_cal,U12993,NA,UBC_Suttle,AV,NA
S12994LC1,sealice_microbiome,mot_cal,U12994,NA,UBC_Suttle,AV,NA
S12994LL1,sealice_microbiome,mot_lep,U12994,NA,UBC_Suttle,AV,NA
S10684LC1,sealice_microbiome,mot_cal,U10684,NA,UBC_Suttle,AV,NA
SLC5418,sealice_microbiome,mot_cal,U4918,NA,UBC_Suttle,AV,NA
SLC5421,sealice_microbiome,mot_cal,U4921,NA,UBC_Suttle,AV,NA
S10662LC1,sealice_microbiome,mot_cal,U10662,Sample accidentally left in dry ice cooler at -65C overnight,UBC_Suttle,AV,NA
S10882LC1,sealice_microbiome,mot_cal,U10882,NA,UBC_Suttle,AV,NA
S11126LC1,sealice_microbiome,mot_cal,U11126,NA,UBC_Suttle,AV,NA
S11124LC1,sealice_microbiome,mot_cal,U11124,NA,UBC_Suttle,AV,NA
S10667LC1,sealice_microbiome,mot_cal,U10667,Sample accidentally left in dry ice cooler at -65C overnight,UBC_Suttle,AV,NA
SLC5428,sealice_microbiome,mot_cal,U4928,NA,UBC_Suttle,AV,NA
SLC5424,sealice_microbiome,mot_cal,U4924,NA,UBC_Suttle,AV,NA
SLC5429,sealice_microbiome,mot_cal,U4929,NA,UBC_Suttle,AV,NA
SLC5425,sealice_microbiome,mot_cal,U4925,NA,UBC_Suttle,AV,NA
SLC5426,sealice_microbiome,mot_cal,U4926,NA,UBC_Suttle,AV,NA
SLC5432,sealice_microbiome,mot_cal,U4932,NA,UBC_Suttle,AV,NA
SLC5591,sealice_microbiome,mot_cal,U5052,NA,UBC_Suttle,AV,NA
SLC5433,sealice_microbiome,mot_cal,U4933,NA,UBC_Suttle,AV,NA
SLC5595,sealice_microbiome,mot_cal,U5056,NA,UBC_Suttle,AV,NA
S12654LC1,sealice_microbiome,mot_cal,U12654,thawed. Sample accidentally left in dry ice cooler at -65C overnight,UBC_Suttle,AV,NA
SLC5436,sealice_microbiome,mot_cal,U4936,NA,UBC_Suttle,AV,NA
SLC5597,sealice_microbiome,mot_cal,U5058,NA,UBC_Suttle,AV,NA
SLC5601,sealice_microbiome,mot_cal,U5062,NA,UBC_Suttle,AV,NA
SLC5607,sealice_microbiome,mot_cal,U5068,NA,UBC_Suttle,AV,NA
SLC5608,sealice_microbiome,mot_cal,U5069,NA,UBC_Suttle,AV,NA
SLL5609,sealice_microbiome,mot_lep,U5070,NA,UBC_Suttle,AV,NA
SLL5433,sealice_microbiome,mot_lep,U4933,NA,UBC_Suttle,AV,NA
SLL5587,sealice_microbiome,mot_lep,U5047,NA,UBC_Suttle,AV,NA
S10768LC1,sealice_microbiome,mot_cal,U10768,NA,UBC_Suttle,AV,NA
S12767LC1,sealice_microbiome,mot_cal,U12767,NA,UBC_Suttle,AV,NA
S10282LC1,sealice_microbiome,mot_cal,U10282,left overnight with dry ice in -20 freezer,UBC_Suttle,AV,NA
S11408LC1,sealice_microbiome,mot_cal,U11408,NA,UBC_Suttle,AV,NA
S11409LC1,sealice_microbiome,mot_cal,U11409,NA,UBC_Suttle,AV,NA
S11407LC1,sealice_microbiome,mot_cal,U11407,NA,UBC_Suttle,AV,NA
S11404LC1,sealice_microbiome,mot_cal,U11404,NA,UBC_Suttle,AV,NA
S11406LC1,sealice_microbiome,mot_cal,U11406,NA,UBC_Suttle,AV,NA
S11401LL1,sealice_microbiome,mot_lep,U11401,NA,UBC_Suttle,AV,NA
S11403LC1,sealice_microbiome,mot_cal,U11403,NA,UBC_Suttle,AV,NA
S13088LC1,sealice_microbiome,mot_cal,U13088,NA,UBC_Suttle,AV,NA
S13090LC1,sealice_microbiome,mot_cal,U13090,NA,UBC_Suttle,AV,NA
S10770LC1,sealice_microbiome,mot_cal,U10770,NA,UBC_Suttle,AV,NA
S13087LC1,sealice_microbiome,mot_cal,U13087,NA,UBC_Suttle,AV,NA
S13081LC1,sealice_microbiome,mot_cal,U13081,NA,UBC_Suttle,AV,NA
S13083LC1,sealice_microbiome,mot_cal,U13083,NA,UBC_Suttle,AV,NA
S13085LC1,sealice_microbiome,mot_cal,U13085,NA,UBC_Suttle,AV,NA
S13249LC1,sealice_microbiome,mot_cal,U13249,NA,UBC_Suttle,AV,NA
S13247LC1,sealice_microbiome,mot_cal,U13247,NA,UBC_Suttle,AV,NA
S13243LC1,sealice_microbiome,mot_cal,U13243,NA,UBC_Suttle,AV,NA
S13246LC1,sealice_microbiome,mot_cal,U13246,NA,UBC_Suttle,AV,NA
S10443LL1,sealice_microbiome,mot_lep,U10443,lep urosome broken unk gender/reproductive status,UBC_Suttle,AV,NA
S10764LC1,sealice_microbiome,mot_cal,U10764,NA,UBC_Suttle,AV,NA
S12847LC1,sealice_microbiome,mot_cal,U12847,"urosome broken, difficult to ID life stage but gender is certain",UBC_Suttle,AV,NA
S12932LC1,sealice_microbiome,mot_cal,U12932,broken urosome,UBC_Suttle,AV,NA
S12931LC1,sealice_microbiome,mot_cal,U12931,NA,UBC_Suttle,AV,NA
S13251LC1,sealice_microbiome,mot_cal,U13251,NA,UBC_Suttle,AV,NA
S13252LC1,sealice_microbiome,mot_cal,U13252,NA,UBC_Suttle,AV,NA
S13074LC1,sealice_microbiome,mot_cal,U13074,NA,UBC_Suttle,AV,NA
S13073LC1,sealice_microbiome,mot_cal,U13073,NA,UBC_Suttle,AV,NA
S13071LC1,sealice_microbiome,mot_cal,U13071,NA,UBC_Suttle,AV,NA
S13076LC1,sealice_microbiome,mot_cal,U13076,NA,UBC_Suttle,AV,NA
S10765LC1,sealice_microbiome,mot_cal,U10765,NA,UBC_Suttle,AV,NA
S12709LC1,sealice_microbiome,mot_cal,U12709,NA,UBC_Suttle,AV,NA
S12701LC1,sealice_microbiome,mot_cal,U12701,NA,UBC_Suttle,AV,NA
S12710LC1,sealice_microbiome,mot_cal,U12710,NA,UBC_Suttle,AV,NA
S12704LC1,sealice_microbiome,mot_cal,U12704,NA,UBC_Suttle,AV,NA
S12706LC1,sealice_microbiome,mot_cal,U12706,NA,UBC_Suttle,AV,NA
S12707LC1,sealice_microbiome,mot_cal,U12707,NA,UBC_Suttle,AV,NA
S14001LC1,sealice_microbiome,mot_cal,U14001,NA,UBC_Suttle,AV,NA
S14041LC1,sealice_microbiome,mot_cal,U14041,NA,UBC_Suttle,AV,NA
S14004LC1,sealice_microbiome,mot_cal,U14004,NA,UBC_Suttle,AV,NA
S10842LC1,sealice_microbiome,mot_cal,U10842,NA,UBC_Suttle,AV,NA
S13232LC1,sealice_microbiome,mot_cal,U13232,NA,UBC_Suttle,AV,NA
S13237LC1,sealice_microbiome,mot_cal,U13237,NA,UBC_Suttle,AV,NA
S13231LC1,sealice_microbiome,mot_cal,U13231,NA,UBC_Suttle,AV,NA
S13234LC1,sealice_microbiome,mot_cal,U13234,NA,UBC_Suttle,AV,NA
S13238LC1,sealice_microbiome,mot_cal,U13238,NA,UBC_Suttle,AV,NA
S12913LC1,sealice_microbiome,mot_cal,U12913,NA,UBC_Suttle,AV,NA
S12912LC1,sealice_microbiome,mot_cal,U12912,NA,UBC_Suttle,AV,NA
S12911LC1,sealice_microbiome,mot_cal,U12911,NA,UBC_Suttle,AV,NA
S10917LC1,sealice_microbiome,mot_cal,U10917,NA,UBC_Suttle,AV,NA
S10849LC1,sealice_microbiome,mot_cal,U10849,NA,UBC_Suttle,AV,NA
S10917LL1,sealice_microbiome,mot_lep,U10917,NA,UBC_Suttle,AV,NA
S10912LC1,sealice_microbiome,mot_cal,U10912,NA,UBC_Suttle,AV,NA
S10913LC1,sealice_microbiome,mot_cal,U10913,NA,UBC_Suttle,AV,NA
S10913LL1,sealice_microbiome,mot_lep,U10913,NA,UBC_Suttle,AV,NA
S10916LC1,sealice_microbiome,mot_cal,U10916,NA,UBC_Suttle,AV,NA
S10911LC1,sealice_microbiome,mot_cal,U10911,left overnight with dry ice in -20 freezer,UBC_Suttle,AV,NA
S10211LC1,sealice_microbiome,mot_cal,U10211,left overnight with dry ice in -20 freezer,UBC_Suttle,AV,NA
S10211LL1,sealice_microbiome,mot_lep,U10211,left overnight with dry ice in -20 freezer,UBC_Suttle,AV,NA
S12772LC1,sealice_microbiome,mot_cal,U12772,left overnight with dry ice in -20 freezer,UBC_Suttle,AV,NA
S10843LC1,sealice_microbiome,mot_cal,U10843,NA,UBC_Suttle,AV,NA
S11329LC1,sealice_microbiome,mot_cal,U11329,left overnight with dry ice in -20 freezer,UBC_Suttle,AV,NA
S11325LC1,sealice_microbiome,mot_cal,U11325,left overnight with dry ice in -20 freezer,UBC_Suttle,AV,NA
S11324LC1,sealice_microbiome,mot_cal,U11324,left overnight with dry ice in -20 freezer,UBC_Suttle,AV,NA
S11328LC1,sealice_microbiome,mot_cal,U11328,left overnight with dry ice in -20 freezer,UBC_Suttle,AV,NA
S11330LC1,sealice_microbiome,mot_cal,U11330,left overnight with dry ice in -20 freezer,UBC_Suttle,AV,NA
S11003LL1,sealice_microbiome,mot_lep,U11003,left overnight with dry ice in -20 freezer,UBC_Suttle,AV,NA
S11243LC1,sealice_microbiome,mot_cal,U11243,left overnight with dry ice in -20 freezer,UBC_Suttle,AV,NA
S11244LC1,sealice_microbiome,mot_cal,U11244,left overnight with dry ice in -20 freezer,UBC_Suttle,AV,NA
S12770LC1,sealice_microbiome,mot_cal,U12770,NA,UBC_Suttle,AV,NA
S11248LC1,sealice_microbiome,mot_cal,U11248,left overnight with dry ice in -20 freezer,UBC_Suttle,AV,NA
S10363LC1,sealice_microbiome,mot_cal,U10363,NA,UBC_Suttle,AV,NA
S10361LC1,sealice_microbiome,mot_cal,U10361,NA,UBC_Suttle,AV,NA
S10924LC1,sealice_microbiome,mot_cal,U10922,left overnight with dry ice in -20 freezer,UBC_Suttle,AV,NA
S10922LC1,sealice_microbiome,mot_cal,U10928,left overnight with dry ice in -20 freezer,UBC_Suttle,AV,NA
S10929LC1,sealice_microbiome,mot_cal,U10929,left overnight with dry ice in -20 freezer,UBC_Suttle,AV,NA
S10927LC1,sealice_microbiome,mot_cal,U10927,left overnight with dry ice in -20 freezer,UBC_Suttle,AV,NA
S10289LC1,sealice_microbiome,mot_cal,U10289,left overnight with dry ice in -20 freezer,UBC_Suttle,AV,NA
S13240LC1,sealice_microbiome,mot_cal,U13240,left in -20 overnight with lots of dry ice,UBC_Suttle,AV,NA
S12861LC1,sealice_microbiome,mot_cal,U12861,NA,UBC_Suttle,AV,NA
S13110LC1,sealice_microbiome,mot_cal,U13110,NA,UBC_Suttle,AV,NA
S13023LC1,sealice_microbiome,mot_cal,U13023,NA,UBC_Suttle,AV,NA
S12941LC1,sealice_microbiome,mot_cal,U12941,NA,UBC_Suttle,AV,NA
S13236LC1,sealice_microbiome,mot_cal,U13236,left in -20 overnight with lots of dry ice,UBC_Suttle,AV,NA
S13233LC1,sealice_microbiome,mot_cal,U13233,left in -20 overnight with lots of dry ice,UBC_Suttle,AV,NA
S12787LC1,sealice_microbiome,mot_cal,U12787,left in -20 overnight with lots of dry ice,UBC_Suttle,AV,NA
S12788LC1,sealice_microbiome,mot_cal,U12788,left in -20 overnight with lots of dry ice,UBC_Suttle,AV,NA
S12782LC1,sealice_microbiome,mot_cal,U12782,NA,UBC_Suttle,AV,NA
S12786LC1,sealice_microbiome,mot_cal,U12786,NA,UBC_Suttle,AV,NA
S5478SL1,sealice_microbiome,mot_pool,U5478,NA,UBC_Suttle,AV,NA
S5477SL1,sealice_microbiome,mot_pool,U5477,NA,UBC_Suttle,AV,NA
S5475SL1,sealice_microbiome,mot_pool,U5475,NA,UBC_Suttle,AV,NA
S5474SL1,sealice_microbiome,mot_pool,U5474,NA,UBC_Suttle,AV,NA
S16562LC1,sealice_microbiome,mot_cal,U16562,NA,UBC_Suttle,AV,NA
S11023LC1,sealice_microbiome,mot_cal,U11023,NA,UBC_Suttle,AV,NA
S11021LC1,sealice_microbiome,mot_cal,U11021,NA,UBC_Suttle,AV,NA
S12862LC1,sealice_microbiome,mot_cal,U12862,NA,UBC_Suttle,AV,NA
S11022LC1,sealice_microbiome,mot_cal,U11022,NA,UBC_Suttle,AV,NA
S10942LC1,sealice_microbiome,mot_cal,U10942,NA,UBC_Suttle,AV,NA
S10543LC1,sealice_microbiome,mot_cal,U10543,NA,UBC_Suttle,AV,NA
S13103LC1,sealice_microbiome,mot_cal,U13103,NA,UBC_Suttle,AV,NA
S13109LC1,sealice_microbiome,mot_cal,U13109,NA,UBC_Suttle,AV,NA
S13107LC1,sealice_microbiome,mot_cal,U13107,NA,UBC_Suttle,AV,NA
S13106LC1,sealice_microbiome,mot_cal,U13106,NA,UBC_Suttle,AV,NA
S13104LC1,sealice_microbiome,mot_cal,U13104,NA,UBC_Suttle,AV,NA
S13105LC1,sealice_microbiome,mot_cal,U13105,NA,UBC_Suttle,AV,NA
S22045SL1,sealice_microbiome,mot_pool,U22045,NA,UBC_Suttle,AV,NA
S22044SL1,sealice_microbiome,mot_pool,U22044,NA,UBC_Suttle,AV,NA
S22041SL1,sealice_microbiome,mot_pool,U22041,NA,UBC_Suttle,AV,NA
S22047SL1,sealice_microbiome,mot_pool,U22047,NA,UBC_Suttle,AV,NA
S22050SL1,sealice_microbiome,mot_pool,U22050,NA,UBC_Suttle,AV,NA
S22048SL1,sealice_microbiome,mot_pool,U22048,NA,UBC_Suttle,AV,NA
S22043SL1,sealice_microbiome,mot_pool,U22043,NA,UBC_Suttle,AV,NA
S22046SL1,sealice_microbiome,mot_pool,U22046,NA,UBC_Suttle,AV,NA
S22049SL1,sealice_microbiome,mot_pool,U22049,NA,UBC_Suttle,AV,NA
S22012SL1,sealice_microbiome,mot_pool,U22012,NA,UBC_Suttle,AV,NA
S20585SL1,sealice_microbiome,mot_pool,U20585,NA,UBC_Suttle,AV,NA
S20586SL1,sealice_microbiome,mot_pool,U20586,NA,UBC_Suttle,AV,NA
S20587SL1,sealice_microbiome,mot_pool,U20587,NA,UBC_Suttle,AV,NA
S20588SL1,sealice_microbiome,mot_pool,U20588,NA,UBC_Suttle,AV,NA
S20590SL1,sealice_microbiome,mot_pool,U20590,NA,UBC_Suttle,AV,NA
S21641SL1,sealice_microbiome,mot_pool,U21641,NA,UBC_Suttle,AV,NA
S21644SL1,sealice_microbiome,mot_pool,U21644,NA,UBC_Suttle,AV,NA
S21645SL1,sealice_microbiome,mot_pool,U21645,NA,UBC_Suttle,AV,NA
S21646SL1,sealice_microbiome,mot_pool,U21646,NA,UBC_Suttle,AV,NA
S22011SL1,sealice_microbiome,mot_pool,U22011,Samples left in -20 for 5 days,UBC_Suttle,AV,NA
S22014SL1,sealice_microbiome,mot_pool,U22014,Samples left in -20 for 5 days,UBC_Suttle,AV,NA
S22017SL1,sealice_microbiome,mot_pool,U22017,Samples left in -20 for 5 days,UBC_Suttle,AV,NA
S22016SL1,sealice_microbiome,mot_pool,U22016,Samples left in -20 for 5 days,UBC_Suttle,AV,NA
S22018SL1,sealice_microbiome,mot_pool,U22018,Samples left in -20 for 5 days,UBC_Suttle,AV,NA
S22108SL1,sealice_microbiome,mot_pool,U22108,NA,UBC_Suttle,AV,NA
S22109SL1,sealice_microbiome,mot_pool,U22109,NA,UBC_Suttle,AV,NA
S22110SL1,sealice_microbiome,mot_pool,U22110,NA,UBC_Suttle,AV,NA
S22101SL1,sealice_microbiome,mot_pool,U22101,NA,UBC_Suttle,AV,NA
S22103SL1,sealice_microbiome,mot_pool,U22103,NA,UBC_Suttle,AV,NA
S22105SL1,sealice_microbiome,mot_pool,U22105,NA,UBC_Suttle,AV,NA
S22106SL1,sealice_microbiome,mot_pool,U22106,NA,UBC_Suttle,AV,NA
S22102SL1,sealice_microbiome,mot_pool,U22102,NA,UBC_Suttle,AV,NA
S20591SL1,sealice_microbiome,mot_pool,U20591,NA,UBC_Suttle,AV,NA
S20595SL1,sealice_microbiome,mot_pool,U20595,NA,UBC_Suttle,AV,NA
S20592SL1,sealice_microbiome,mot_pool,U20592,NA,UBC_Suttle,AV,NA
S20887SL1,sealice_microbiome,mot_pool,U20887,NA,UBC_Suttle,AV,NA
S22095SL1,sealice_microbiome,mot_pool,U22095,NA,UBC_Suttle,AV,NA
S22092SL1,sealice_microbiome,mot_pool,U22092,NA,UBC_Suttle,AV,NA
S22098SL1,sealice_microbiome,mot_pool,U22098,NA,UBC_Suttle,AV,NA
S22097SL1,sealice_microbiome,mot_pool,U22097,NA,UBC_Suttle,AV,NA
S22093SL1,sealice_microbiome,mot_pool,U22093,NA,UBC_Suttle,AV,NA
S22091SL1,sealice_microbiome,mot_pool,U22091,NA,UBC_Suttle,AV,NA
S20505SL1,sealice_microbiome,mot_pool,U20505,NA,UBC_Suttle,AV,NA
S20506SL1,sealice_microbiome,mot_pool,U20506,NA,UBC_Suttle,AV,NA
S20502SL1,sealice_microbiome,mot_pool,U20502,NA,UBC_Suttle,AV,NA
S20541SL1,sealice_microbiome,mot_pool,U20541,NA,UBC_Suttle,AV,NA
S20545SL1,sealice_microbiome,mot_pool,U20545,NA,UBC_Suttle,AV,NA
S20542SL1,sealice_microbiome,mot_pool,U20542,NA,UBC_Suttle,AV,NA
S21663SL1,sealice_microbiome,mot_pool,U21663,NA,UBC_Suttle,AV,NA
S21664SL1,sealice_microbiome,mot_pool,U21664,NA,UBC_Suttle,AV,NA
S21665SL1,sealice_microbiome,mot_pool,U21665,NA,UBC_Suttle,AV,NA
S21666SL1,sealice_microbiome,mot_pool,U21666,Louse in pieces,UBC_Suttle,AV,NA
S21670SL1,sealice_microbiome,mot_pool,U21670,NA,UBC_Suttle,AV,NA
S22053SL1,sealice_microbiome,mot_pool,U22053,NA,UBC_Suttle,AV,NA
S22054SL1,sealice_microbiome,mot_pool,U22054,Loose louse on fish label - discarded because not sure of source,UBC_Suttle,AV,NA
S22059SL1,sealice_microbiome,mot_pool,U22059,NA,UBC_Suttle,AV,NA
S22051SL1,sealice_microbiome,mot_pool,U22051,NA,UBC_Suttle,AV,NA
S22060SL1,sealice_microbiome,mot_pool,U22060,NA,UBC_Suttle,AV,NA
S22057SL1,sealice_microbiome,mot_pool,U22057,NA,UBC_Suttle,AV,NA
S22058SL1,sealice_microbiome,mot_pool,U22058,NA,UBC_Suttle,AV,NA
S22056SL1,sealice_microbiome,mot_pool,U22056,NA,UBC_Suttle,AV,NA
S22052SL1,sealice_microbiome,mot_pool,U22052,NA,UBC_Suttle,AV,NA
S22055SL1,sealice_microbiome,mot_pool,U22055,NA,UBC_Suttle,AV,NA
S21081SL1,sealice_microbiome,mot_pool,U21081,NA,UBC_Suttle,AV,NA
S21082SL1,sealice_microbiome,mot_pool,U21082,NA,UBC_Suttle,AV,NA
S21681SL1,sealice_microbiome,mot_pool,U21681,NA,UBC_Suttle,AV,NA
S20921SL1,sealice_microbiome,mot_pool,U20921,NA,UBC_Suttle,AV,NA
S22079SL1,sealice_microbiome,mot_pool,U22079,NA,UBC_Suttle,AV,NA
S22071SL1,sealice_microbiome,mot_pool,U22071,NA,UBC_Suttle,AV,NA
S22076SL1,sealice_microbiome,mot_pool,U22076,NA,UBC_Suttle,AV,NA
S22072SL1,sealice_microbiome,mot_pool,U22072,NA,UBC_Suttle,AV,NA
S22073SL1,sealice_microbiome,mot_pool,U22073,NA,UBC_Suttle,AV,NA
S20566SL1,sealice_microbiome,mot_pool,U20566,half a louse,UBC_Suttle,AV,NA
S20543SL1,sealice_microbiome,mot_pool,U20543,NA,UBC_Suttle,AV,NA
S20548SL1,sealice_microbiome,mot_pool,U20548,NA,UBC_Suttle,AV,NA
S20547SL1,sealice_microbiome,mot_pool,U20547,NA,UBC_Suttle,AV,NA
S22038SL1,sealice_microbiome,mot_pool,U22038,NA,UBC_Suttle,AV,NA
S22033SL1,sealice_microbiome,mot_pool,U22033,NA,UBC_Suttle,AV,NA
S22031SL1,sealice_microbiome,mot_pool,U22031,NA,UBC_Suttle,AV,NA
S22036SL1,sealice_microbiome,mot_pool,U22036,NA,UBC_Suttle,AV,NA
S22039SL1,sealice_microbiome,mot_pool,U22039,NA,UBC_Suttle,AV,NA
S22040SL1,sealice_microbiome,mot_pool,U22040,NA,UBC_Suttle,AV,NA
S22065SL1,sealice_microbiome,mot_pool,U22065,NA,UBC_Suttle,AV,NA
S22067SL1,sealice_microbiome,mot_pool,U22067,NA,UBC_Suttle,AV,NA
S22062SL1,sealice_microbiome,mot_pool,U22062,NA,UBC_Suttle,AV,NA
S22160SL1,sealice_microbiome,mot_pool,U22160,NA,UBC_Suttle,AV,NA
S22152SL1,sealice_microbiome,mot_pool,U22152,NA,UBC_Suttle,AV,NA
S22158SL1,sealice_microbiome,mot_pool,U22158,NA,UBC_Suttle,AV,NA
S22151SL1,sealice_microbiome,mot_pool,U22151,NA,UBC_Suttle,AV,NA
S22157SL1,sealice_microbiome,mot_pool,U22157,NA,UBC_Suttle,AV,NA
S22156SL1,sealice_microbiome,mot_pool,U22156,NA,UBC_Suttle,AV,NA
S22155SL1,sealice_microbiome,mot_pool,U22155,NA,UBC_Suttle,AV,NA
S22153SL1,sealice_microbiome,mot_pool,U22153,NA,UBC_Suttle,AV,NA
S22122SL1,sealice_microbiome,mot_pool,U22122,NA,UBC_Suttle,AV,NA
S22124SL1,sealice_microbiome,mot_pool,U22124,NA,UBC_Suttle,AV,NA
S22126SL1,sealice_microbiome,mot_pool,U22126,NA,UBC_Suttle,AV,NA
S22127SL1,sealice_microbiome,mot_pool,U22127,NA,UBC_Suttle,AV,NA
S22129SL1,sealice_microbiome,mot_pool,U22129,NA,UBC_Suttle,AV,NA
S22241SL1,sealice_microbiome,mot_pool,U22241,NA,UBC_Suttle,AV,NA
S22242SL1,sealice_microbiome,mot_pool,U22242,NA,UBC_Suttle,AV,NA
S22244SL1,sealice_microbiome,mot_pool,U22244,NA,UBC_Suttle,AV,NA
S21102SL1,sealice_microbiome,mot_pool,U21102,NA,UBC_Suttle,AV,NA
S21103SL1,sealice_microbiome,mot_pool,U21103,NA,UBC_Suttle,AV,NA
S21104SL1,sealice_microbiome,mot_pool,U21104,NA,UBC_Suttle,AV,NA
S22159SL1,sealice_microbiome,mot_pool,U22159,NA,UBC_Suttle,AV,NA
S22142SL1,sealice_microbiome,mot_pool,U22142,NA,UBC_Suttle,AV,NA
S22149SL1,sealice_microbiome,mot_pool,U22149,NA,UBC_Suttle,AV,NA
S22145SL1,sealice_microbiome,mot_pool,U22145,NA,UBC_Suttle,AV,NA
S22148SL1,sealice_microbiome,mot_pool,U22148,NA,UBC_Suttle,AV,NA
S22141SL1,sealice_microbiome,mot_pool,U22141,NA,UBC_Suttle,AV,NA
S22144SL1,sealice_microbiome,mot_pool,U22144,NA,UBC_Suttle,AV,NA
S22146SL1,sealice_microbiome,mot_pool,U22146,NA,UBC_Suttle,AV,NA
S22143SL1,sealice_microbiome,mot_pool,U22143,NA,UBC_Suttle,AV,NA
S22147SL1,sealice_microbiome,mot_pool,U22147,NA,UBC_Suttle,AV,NA
S22150SL1,sealice_microbiome,mot_pool,U22150,NA,UBC_Suttle,AV,NA
S20862SL1,sealice_microbiome,mot_pool,U20862,NA,UBC_Suttle,AV,NA
S21033SL1,sealice_microbiome,mot_pool,U21033,NA,UBC_Suttle,AV,NA
S21034SL1,sealice_microbiome,mot_pool,U21034,NA,UBC_Suttle,AV,NA
S21036SL1,sealice_microbiome,mot_pool,U21036,NA,UBC_Suttle,AV,NA
S21035SL1,sealice_microbiome,mot_pool,U21035,NA,UBC_Suttle,AV,NA
S22207SL1,sealice_microbiome,mot_pool,U22207,NA,UBC_Suttle,AV,NA
S22204SL1,sealice_microbiome,mot_pool,U22204,NA,UBC_Suttle,AV,NA
S20865SL1,sealice_microbiome,mot_pool,U20865,NA,UBC_Suttle,AV,NA
S20870SL1,sealice_microbiome,mot_pool,U20870,NA,UBC_Suttle,AV,NA
S20864SL1,sealice_microbiome,mot_pool,U20864,NA,UBC_Suttle,AV,NA
S22231SL1,sealice_microbiome,mot_pool,U22231,NA,UBC_Suttle,AV,NA
S22236SL1,sealice_microbiome,mot_pool,U22236,NA,UBC_Suttle,AV,NA
S22333SL1,sealice_microbiome,mot_pool,U22333,NA,UBC_Suttle,AV,NA
S22200SL1,sealice_microbiome,mot_pool,U22200,NA,UBC_Suttle,AV,NA
S22196SL1,sealice_microbiome,mot_pool,U22196,NA,UBC_Suttle,AV,NA
S22195SL1,sealice_microbiome,mot_pool,U22195,NA,UBC_Suttle,AV,NA
S22199SL1,sealice_microbiome,mot_pool,U22199,NA,UBC_Suttle,AV,NA
S22198SL1,sealice_microbiome,mot_pool,U22198,Sea louse broken,UBC_Suttle,AV,NA
S22197SL1,sealice_microbiome,mot_pool,U22197,NA,UBC_Suttle,AV,NA
S22193SL1,sealice_microbiome,mot_pool,U22193,NA,UBC_Suttle,AV,NA
S22505SL1,sealice_microbiome,mot_pool,U22505,NA,UBC_Suttle,AV,NA
S22503SL1,sealice_microbiome,mot_pool,U22503,NA,UBC_Suttle,AV,NA
S22203SL1,sealice_microbiome,mot_pool,U22203,NA,UBC_Suttle,AV,NA
S22202SL1,sealice_microbiome,mot_pool,U22202,NA,UBC_Suttle,AV,NA
S22205SL1,sealice_microbiome,mot_pool,U22205,NA,UBC_Suttle,AV,NA
S22201SL1,sealice_microbiome,mot_pool,U22201,NA,UBC_Suttle,AV,NA
S21210SL1,sealice_microbiome,mot_pool,U21210,NA,UBC_Suttle,AV,NA
S21204SL1,sealice_microbiome,mot_pool,U21204,NA,UBC_Suttle,AV,NA
S22177SL1,sealice_microbiome,mot_pool,U22177,NA,UBC_Suttle,AV,NA
S22178SL1,sealice_microbiome,mot_pool,U22178,NA,UBC_Suttle,AV,NA
S22173SL1,sealice_microbiome,mot_pool,U22173,NA,UBC_Suttle,AV,NA
S22171SL1,sealice_microbiome,mot_pool,U22171,NA,UBC_Suttle,AV,NA
S22172SL1,sealice_microbiome,mot_pool,U22172,NA,UBC_Suttle,AV,NA
S22179SL1,sealice_microbiome,mot_pool,U22179,NA,UBC_Suttle,AV,NA
S22180SL1,sealice_microbiome,mot_pool,U22180,NA,UBC_Suttle,AV,NA
S22176SL1,sealice_microbiome,mot_pool,U22176,NA,UBC_Suttle,AV,NA
S22175SL1,sealice_microbiome,mot_pool,U22175,NA,UBC_Suttle,AV,NA
S20540SL1,sealice_microbiome,mot_pool,U20540,NA,UBC_Suttle,AV,NA
S20539SL1,sealice_microbiome,mot_pool,U20539,NA,UBC_Suttle,AV,NA
S20538SL1,sealice_microbiome,mot_pool,U20538,NA,UBC_Suttle,AV,NA
S20532SL1,sealice_microbiome,mot_pool,U20532,NA,UBC_Suttle,AV,NA
S20537SL1,sealice_microbiome,mot_pool,U20537,NA,UBC_Suttle,AV,NA
S22259SL1,sealice_microbiome,mot_pool,U22259,NA,UBC_Suttle,AV,NA
S22255SL1,sealice_microbiome,mot_pool,U22255,NA,UBC_Suttle,AV,NA
S22251SL1,sealice_microbiome,mot_pool,U22251,NA,UBC_Suttle,AV,NA
S22257SL1,sealice_microbiome,mot_pool,U22257,NA,UBC_Suttle,AV,NA
S22254SL1,sealice_microbiome,mot_pool,U22254,NA,UBC_Suttle,AV,NA
S22260SL1,sealice_microbiome,mot_pool,U22260,NA,UBC_Suttle,AV,NA
S20531SL1,sealice_microbiome,mot_pool,U20531,NA,UBC_Suttle,AV,NA
S21313SL1,sealice_microbiome,mot_pool,U21313,NA,UBC_Suttle,AV,NA
S21311SL1,sealice_microbiome,mot_pool,U21311,NA,UBC_Suttle,AV,NA
S21315SL1,sealice_microbiome,mot_pool,U21315,NA,UBC_Suttle,AV,NA
S21985SL1,sealice_microbiome,mot_pool,U21985,NA,UBC_Suttle,AV,NA
S21990SL1,sealice_microbiome,mot_pool,U21990,NA,UBC_Suttle,AV,NA
S21861SL1,sealice_microbiome,mot_pool,U21861,NA,UBC_Suttle,AV,NA
S21868SL1,sealice_microbiome,mot_pool,U21868,NA,UBC_Suttle,AV,NA
S21863SL1,sealice_microbiome,mot_pool,U21863,NA,UBC_Suttle,AV,NA
S21867SL1,sealice_microbiome,mot_pool,U21867,NA,UBC_Suttle,AV,NA
S21839SL1,sealice_microbiome,mot_pool,U21839,NA,UBC_Suttle,AV,NA
S21838SL1,sealice_microbiome,mot_pool,U21838,NA,UBC_Suttle,AV,NA
S21837SL1,sealice_microbiome,mot_pool,U21837,NA,UBC_Suttle,AV,NA
S21832SL1,sealice_microbiome,mot_pool,U21832,NA,UBC_Suttle,AV,NA
S21831SL1,sealice_microbiome,mot_pool,U21831,NA,UBC_Suttle,AV,NA
S21835SL1,sealice_microbiome,mot_pool,U21835,NA,UBC_Suttle,AV,NA
S21840SL1,sealice_microbiome,mot_pool,U21840,NA,UBC_Suttle,AV,NA
S21866SL1,sealice_microbiome,mot_pool,U21866,NA,UBC_Suttle,AV,NA
S21869SL1,sealice_microbiome,mot_pool,U21869,NA,UBC_Suttle,AV,NA
S21435SL1,sealice_microbiome,mot_pool,U21435,NA,UBC_Suttle,AV,NA
S21431SL1,sealice_microbiome,mot_pool,U21431,NA,UBC_Suttle,AV,NA
S21433SL1,sealice_microbiome,mot_pool,U21433,NA,UBC_Suttle,AV,NA
S21440SL1,sealice_microbiome,mot_pool,U21440,Only half of 1 louse,UBC_Suttle,AV,NA
S21994SL1,sealice_microbiome,mot_pool,U21994,NA,UBC_Suttle,AV,NA
S21992SL1,sealice_microbiome,mot_pool,U21992,NA,UBC_Suttle,AV,NA
S21995SL1,sealice_microbiome,mot_pool,U21995,NA,UBC_Suttle,AV,NA
S21991SL1,sealice_microbiome,mot_pool,U21991,NA,UBC_Suttle,AV,NA
S21828SL1,sealice_microbiome,mot_pool,U21828,NA,UBC_Suttle,AV,NA
S21824SL1,sealice_microbiome,mot_pool,U21824,NA,UBC_Suttle,AV,NA
S21823SL1,sealice_microbiome,mot_pool,U21823,NA,UBC_Suttle,AV,NA
S21821SL1,sealice_microbiome,mot_pool,U21821,NA,UBC_Suttle,AV,NA
S21825SL1,sealice_microbiome,mot_pool,U21825,NA,UBC_Suttle,AV,NA
S21361SL1,sealice_microbiome,mot_pool,U21361,NA,UBC_Suttle,AV,NA
S22341SL1,sealice_microbiome,mot_pool,U22341,NA,UBC_Suttle,AV,NA
S22371SL1,sealice_microbiome,mot_pool,U22371,NA,UBC_Suttle,AV,NA
S21891SL1,sealice_microbiome,mot_pool,U21891,NA,UBC_Suttle,AV,NA
S21897SL1,sealice_microbiome,mot_pool,U21897,NA,UBC_Suttle,AV,NA
S21896SL1,sealice_microbiome,mot_pool,U21896,NA,UBC_Suttle,AV,NA
S21892SL1,sealice_microbiome,mot_pool,U21892,NA,UBC_Suttle,AV,NA
S21899SL1,sealice_microbiome,mot_pool,U21899,NA,UBC_Suttle,AV,NA
S21898SL1,sealice_microbiome,mot_pool,U21898,NA,UBC_Suttle,AV,NA
S21894SL1,sealice_microbiome,mot_pool,U21894,NA,UBC_Suttle,AV,NA
S20708SL1,sealice_microbiome,mot_pool,U20708,NA,UBC_Suttle,AV,NA
S20706SL1,sealice_microbiome,mot_pool,U20706,NA,UBC_Suttle,AV,NA
S20702SL1,sealice_microbiome,mot_pool,U20702,NA,UBC_Suttle,AV,NA
S20709SL1,sealice_microbiome,mot_pool,U20709,NA,UBC_Suttle,AV,NA
S20710SL1,sealice_microbiome,mot_pool,U20710,Sea louse mangled,UBC_Suttle,AV,NA
S20704SL1,sealice_microbiome,mot_pool,U20704,NA,UBC_Suttle,AV,NA
S21214SL1,sealice_microbiome,mot_pool,U21214,NA,UBC_Suttle,AV,NA
S22234SL1,sealice_microbiome,mot_pool,U22234,NA,UBC_Suttle,AV,NA
S22238SL1,sealice_microbiome,mot_pool,U22238,NA,UBC_Suttle,AV,NA
S22298SL1,sealice_microbiome,mot_pool,U22298,NA,UBC_Suttle,AV,NA
S22300SL1,sealice_microbiome,mot_pool,U22300,NA,UBC_Suttle,AV,NA
S22299SL1,sealice_microbiome,mot_pool,U22299,NA,UBC_Suttle,AV,NA
S22291SL1,sealice_microbiome,mot_pool,U22291,NA,UBC_Suttle,AV,NA
S22293SL1,sealice_microbiome,mot_pool,U22293,NA,UBC_Suttle,AV,NA
S22292SL1,sealice_microbiome,mot_pool,U22292,NA,UBC_Suttle,AV,NA
S22297SL1,sealice_microbiome,mot_pool,U22297,NA,UBC_Suttle,AV,NA
S22296SL1,sealice_microbiome,mot_pool,U22296,NA,UBC_Suttle,AV,NA
S20712SL1,sealice_microbiome,mot_pool,U20712,NA,UBC_Suttle,AV,NA
S20719SL1,sealice_microbiome,mot_pool,U20719,NA,UBC_Suttle,AV,NA
S20713SL1,sealice_microbiome,mot_pool,U20713,NA,UBC_Suttle,AV,NA
S20711SL1,sealice_microbiome,mot_pool,U20711,NA,UBC_Suttle,AV,NA
S20717SL1,sealice_microbiome,mot_pool,U20717,NA,UBC_Suttle,AV,NA
S20126SL1,sealice_microbiome,mot_pool,U20126,NA,UBC_Suttle,AV,NA
S20050SL1,sealice_microbiome,mot_pool,U20050,NA,UBC_Suttle,AV,NA
S20045SL1,sealice_microbiome,mot_pool,U20045,NA,UBC_Suttle,AV,NA
S20049SL1,sealice_microbiome,mot_pool,U20049,NA,UBC_Suttle,AV,NA
S20048SL1,sealice_microbiome,mot_pool,U20048,NA,UBC_Suttle,AV,NA
S20042SL1,sealice_microbiome,mot_pool,U20042,NA,UBC_Suttle,AV,NA
S20041SL1,sealice_microbiome,mot_pool,U20041,NA,UBC_Suttle,AV,NA
S20047SL1,sealice_microbiome,mot_pool,U20047,NA,UBC_Suttle,AV,NA
S20046SL1,sealice_microbiome,mot_pool,U20046,NA,UBC_Suttle,AV,NA
S20094SL1,sealice_microbiome,mot_pool,U20094,NA,UBC_Suttle,AV,NA
S20095SL1,sealice_microbiome,mot_pool,U20095,NA,UBC_Suttle,AV,NA
S21601SL1,sealice_microbiome,mot_pool,U21601,NA,UBC_Suttle,AV,NA
S21609SL1,sealice_microbiome,mot_pool,U21609,NA,UBC_Suttle,AV,NA
S21606SL1,sealice_microbiome,mot_pool,U21606,NA,UBC_Suttle,AV,NA
S21607SL1,sealice_microbiome,mot_pool,U21607,NA,UBC_Suttle,AV,NA
S20139SL1,sealice_microbiome,mot_pool,U20139,NA,UBC_Suttle,AV,NA
S20140SL1,sealice_microbiome,mot_pool,U20140,NA,UBC_Suttle,AV,NA
S20135SL1,sealice_microbiome,mot_pool,U20135,NA,UBC_Suttle,AV,NA
S20136SL1,sealice_microbiome,mot_pool,U20136,NA,UBC_Suttle,AV,NA
S20091SL1,sealice_microbiome,mot_pool,U20091,NA,UBC_Suttle,AV,NA
S20092SL1,sealice_microbiome,mot_pool,U20092,NA,UBC_Suttle,AV,NA
S20097SL1,sealice_microbiome,mot_pool,U20097,NA,UBC_Suttle,AV,NA
S20099SL1,sealice_microbiome,mot_pool,U20099,NA,UBC_Suttle,AV,NA
S20096SL1,sealice_microbiome,mot_pool,U20096,NA,UBC_Suttle,AV,NA
S20106SL1,sealice_microbiome,mot_pool,U20106,NA,UBC_Suttle,AV,NA
S20107SL1,sealice_microbiome,mot_pool,U20107,NA,UBC_Suttle,AV,NA
S20121SL1,sealice_microbiome,mot_pool,U20121,NA,UBC_Suttle,AV,NA
S20127SL1,sealice_microbiome,mot_pool,U20127,NA,UBC_Suttle,AV,NA
S20128SL1,sealice_microbiome,mot_pool,U20128,NA,UBC_Suttle,AV,NA
S20103SL1,sealice_microbiome,mot_pool,U20103,NA,UBC_Suttle,AV,NA
S20109SL1,sealice_microbiome,mot_pool,U20109,NA,UBC_Suttle,AV,NA
S20350SL1,sealice_microbiome,mot_pool,U20350,NA,UBC_Suttle,AV,NA
S20347SL1,sealice_microbiome,mot_pool,U20347,NA,UBC_Suttle,AV,NA
S20341SL1,sealice_microbiome,mot_pool,U20341,NA,UBC_Suttle,AV,NA
S20342SL1,sealice_microbiome,mot_pool,U20342,NA,UBC_Suttle,AV,NA
S22556SL1,sealice_microbiome,mot_pool,U22556,NA,UBC_Suttle,AV,NA
S22558SL1,sealice_microbiome,mot_pool,U22558,NA,UBC_Suttle,AV,NA
S22553SL1,sealice_microbiome,mot_pool,U22553,NA,UBC_Suttle,AV,NA
S22551SL1,sealice_microbiome,mot_pool,U22551,NA,UBC_Suttle,AV,NA
S22552SL1,sealice_microbiome,mot_pool,U22552,NA,UBC_Suttle,AV,NA
S22559SL1,sealice_microbiome,mot_pool,U22559,NA,UBC_Suttle,AV,NA
S22560SL1,sealice_microbiome,mot_pool,U22560,NA,UBC_Suttle,AV,NA
S22557SL1,sealice_microbiome,mot_pool,U22557,NA,UBC_Suttle,AV,NA
S22555SL1,sealice_microbiome,mot_pool,U22555,NA,UBC_Suttle,AV,NA
S20236SL1,sealice_microbiome,mot_pool,U20236,NA,UBC_Suttle,AV,NA
S20233SL1,sealice_microbiome,mot_pool,U20233,NA,UBC_Suttle,AV,NA
S20745SL1,sealice_microbiome,mot_pool,U20745,NA,UBC_Suttle,AV,NA
S20743SL1,sealice_microbiome,mot_pool,U20743,NA,UBC_Suttle,AV,NA
S20744SL1,sealice_microbiome,mot_pool,U20744,NA,UBC_Suttle,AV,NA
S20749SL1,sealice_microbiome,mot_pool,U20749,NA,UBC_Suttle,AV,NA
S20746SL1,sealice_microbiome,mot_pool,U20746,NA,UBC_Suttle,AV,NA
S20742SL1,sealice_microbiome,mot_pool,U20742,NA,UBC_Suttle,AV,NA
S20747SL1,sealice_microbiome,mot_pool,U20747,NA,UBC_Suttle,AV,NA
S20748SL1,sealice_microbiome,mot_pool,U20748,NA,UBC_Suttle,AV,NA
S20741SL1,sealice_microbiome,mot_pool,U20741,NA,UBC_Suttle,AV,NA
S20228SL1,sealice_microbiome,mot_pool,U20228,NA,UBC_Suttle,AV,NA
S20225SL1,sealice_microbiome,mot_pool,U20225,NA,UBC_Suttle,AV,NA
S20208SL1,sealice_microbiome,mot_pool,U20208,NA,UBC_Suttle,AV,NA
S20206SL1,sealice_microbiome,mot_pool,U20206,NA,UBC_Suttle,AV,NA
S20207SL1,sealice_microbiome,mot_pool,U20207,NA,UBC_Suttle,AV,NA
S20204SL1,sealice_microbiome,mot_pool,U20204,NA,UBC_Suttle,AV,NA
S20336SL1,sealice_microbiome,mot_pool,U20336,NA,UBC_Suttle,AV,NA
S20333SL1,sealice_microbiome,mot_pool,U20333,NA,UBC_Suttle,AV,NA
S20331SL1,sealice_microbiome,mot_pool,U20331,NA,UBC_Suttle,AV,NA
S20340SL1,sealice_microbiome,mot_pool,U20340,NA,UBC_Suttle,AV,NA
S20335SL1,sealice_microbiome,mot_pool,U20335,NA,UBC_Suttle,AV,NA
S20334SL1,sealice_microbiome,mot_pool,U20334,NA,UBC_Suttle,AV,NA
S20222SL1,sealice_microbiome,mot_pool,U20222,NA,UBC_Suttle,AV,NA
S20226SL1,sealice_microbiome,mot_pool,U20226,NA,UBC_Suttle,AV,NA
S20330SL1,sealice_microbiome,mot_pool,U20330,NA,UBC_Suttle,AV,NA
S20324SL1,sealice_microbiome,mot_pool,U20324,NA,UBC_Suttle,AV,NA
S21857SL1,sealice_microbiome,mot_pool,U21857,NA,UBC_Suttle,AV,NA
S21860SL1,sealice_microbiome,mot_pool,U21860,NA,UBC_Suttle,AV,NA
S21851SL1,sealice_microbiome,mot_pool,U21851,NA,UBC_Suttle,AV,NA
S21856SL1,sealice_microbiome,mot_pool,U21856,NA,UBC_Suttle,AV,NA
S20612SL1,sealice_microbiome,mot_pool,U20612,NA,UBC_Suttle,AV,NA
S20613SL1,sealice_microbiome,mot_pool,U20613,NA,UBC_Suttle,AV,NA
S20614SL1,sealice_microbiome,mot_pool,U20614,NA,UBC_Suttle,AV,NA
S20619SL1,sealice_microbiome,mot_pool,U20619,NA,UBC_Suttle,AV,NA
S20618SL1,sealice_microbiome,mot_pool,U20618,NA,UBC_Suttle,AV,NA
S20783SL1,sealice_microbiome,mot_pool,U20783,NA,UBC_Suttle,AV,NA
S20031SL1,sealice_microbiome,mot_pool,U20031,NA,UBC_Suttle,AV,NA
S20779SL1,sealice_microbiome,mot_pool,U20779,NA,UBC_Suttle,AV,NA
S20778SL1,sealice_microbiome,mot_pool,U20778,NA,UBC_Suttle,AV,NA
S20292SL1,sealice_microbiome,mot_pool,U20292,Sea louse mangled; urosome might be unidentifiable,UBC_Suttle,AV,NA
S20297SL1,sealice_microbiome,mot_pool,U20297,NA,UBC_Suttle,AV,NA
S20291SL1,sealice_microbiome,mot_pool,U20291,NA,UBC_Suttle,AV,NA
S20604SL1,sealice_microbiome,mot_pool,U20604,NA,UBC_Suttle,AV,NA
S20283SL1,sealice_microbiome,mot_pool,U20283,NA,UBC_Suttle,AV,NA
S20439SL1,sealice_microbiome,mot_pool,U20439,NA,UBC_Suttle,AV,NA
S20431SL1,sealice_microbiome,mot_pool,U20431,NA,UBC_Suttle,AV,NA
S20435SL1,sealice_microbiome,mot_pool,U20435,NA,UBC_Suttle,AV,NA
S20642SL1,sealice_microbiome,mot_pool,U20642,NA,UBC_Suttle,AV,NA
S20643SL1,sealice_microbiome,mot_pool,U20643,NA,UBC_Suttle,AV,NA
S20289SL1,sealice_microbiome,mot_pool,U20289,NA,UBC_Suttle,AV,NA
S20285SL1,sealice_microbiome,mot_pool,U20285,NA,UBC_Suttle,AV,NA
S20287SL1,sealice_microbiome,mot_pool,U20287,NA,UBC_Suttle,AV,NA
S20309SL1,sealice_microbiome,mot_pool,U20309,NA,UBC_Suttle,AV,NA
S20305SL1,sealice_microbiome,mot_pool,U20305,NA,UBC_Suttle,AV,NA
S20770SL1,sealice_microbiome,mot_pool,U20770,NA,UBC_Suttle,AV,NA
S20762SL1,sealice_microbiome,mot_pool,U20762,NA,UBC_Suttle,AV,NA
S20459SL1,sealice_microbiome,mot_pool,U20459,NA,UBC_Suttle,AV,NA
S20456SL1,sealice_microbiome,mot_pool,U20456,NA,UBC_Suttle,AV,NA
S20457SL1,sealice_microbiome,mot_pool,U20457,NA,UBC_Suttle,AV,NA
S20454SL1,sealice_microbiome,mot_pool,U20454,NA,UBC_Suttle,AV,NA
S20470SL1,sealice_microbiome,mot_pool,U20470,NA,UBC_Suttle,AV,NA
S20464SL1,sealice_microbiome,mot_pool,U20464,NA,UBC_Suttle,AV,NA
S21639SL1,sealice_microbiome,mot_pool,U21639,1 louse urosome separated,UBC_Suttle,AV,NA
S21636SL1,sealice_microbiome,mot_pool,U21636,NA,UBC_Suttle,AV,NA
S20765SL1,sealice_microbiome,mot_pool,U20765,NA,UBC_Suttle,AV,NA
S20639SL1,sealice_microbiome,mot_pool,U20639,NA,UBC_Suttle,AV,NA
S20401SL1,sealice_microbiome,mot_pool,U20401,NA,UBC_Suttle,AV,NA
S21253SL1,sealice_microbiome,mot_pool,U21253,NA,UBC_Suttle,AV,NA
S21259SL1,sealice_microbiome,mot_pool,U21259,NA,UBC_Suttle,AV,NA
S21256SL1,sealice_microbiome,mot_pool,U21256,NA,UBC_Suttle,AV,NA
S21260SL1,sealice_microbiome,mot_pool,U21260,NA,UBC_Suttle,AV,NA
S21257SL1,sealice_microbiome,mot_pool,U21257,NA,UBC_Suttle,AV,NA
S21251SL1,sealice_microbiome,mot_pool,U21251,NA,UBC_Suttle,AV,NA
S21252SL1,sealice_microbiome,mot_pool,U21252,NA,UBC_Suttle,AV,NA
S21309SL1,sealice_microbiome,mot_pool,U21309,NA,UBC_Suttle,AV,NA
S21519SL1,sealice_microbiome,mot_pool,U21519,NA,UBC_Suttle,AV,NA
S21515SL1,sealice_microbiome,mot_pool,U21515,NA,UBC_Suttle,AV,NA
S21514SL1,sealice_microbiome,mot_pool,U21514,NA,UBC_Suttle,AV,NA
S21518SL1,sealice_microbiome,mot_pool,U21518,NA,UBC_Suttle,AV,NA
S21517SL1,sealice_microbiome,mot_pool,U21517,NA,UBC_Suttle,AV,NA
S21516SL1,sealice_microbiome,mot_pool,U21516,NA,UBC_Suttle,AV,NA
S21512SL1,sealice_microbiome,mot_pool,U21512,NA,UBC_Suttle,AV,NA
S20997SL1,sealice_microbiome,mot_pool,U20997,NA,UBC_Suttle,AV,NA
S20998SL1,sealice_microbiome,mot_pool,U20998,NA,UBC_Suttle,AV,NA
S20995SL1,sealice_microbiome,mot_pool,U20995,NA,UBC_Suttle,AV,NA
S21308SL1,sealice_microbiome,mot_pool,U21308,NA,UBC_Suttle,AV,NA
S21305SL1,sealice_microbiome,mot_pool,U21305,NA,UBC_Suttle,AV,NA
S20991SL1,sealice_microbiome,mot_pool,U20991,NA,UBC_Suttle,AV,NA
S21381SL1,sealice_microbiome,mot_pool,U21381,NA,UBC_Suttle,AV,NA
S21398SL1,sealice_microbiome,mot_pool,U21398,NA,UBC_Suttle,AV,NA
S21346SL1,sealice_microbiome,mot_pool,U21346,NA,UBC_Suttle,AV,NA
S21350SL1,sealice_microbiome,mot_pool,U21350,NA,UBC_Suttle,AV,NA
S21345SL1,sealice_microbiome,mot_pool,U21345,1 cal no urosome,UBC_Suttle,AV,NA
S21348SL1,sealice_microbiome,mot_pool,U21348,NA,UBC_Suttle,AV,NA
S21341SL1,sealice_microbiome,mot_pool,U21341,NA,UBC_Suttle,AV,NA
S21344SL1,sealice_microbiome,mot_pool,U21344,NA,UBC_Suttle,AV,NA
S21342SL1,sealice_microbiome,mot_pool,U21342,NA,UBC_Suttle,AV,NA
S21349SL1,sealice_microbiome,mot_pool,U21349,NA,UBC_Suttle,AV,NA
S21347SL1,sealice_microbiome,mot_pool,U21347,NA,UBC_Suttle,AV,NA
S21343SL1,sealice_microbiome,mot_pool,U21343,Half of lice were broken,UBC_Suttle,AV,NA
S21030SL1,sealice_microbiome,mot_pool,U21030,NA,UBC_Suttle,AV,NA
S21024SL1,sealice_microbiome,mot_pool,U21024,NA,UBC_Suttle,AV,NA
S20845SL1,sealice_microbiome,mot_pool,U20845,NA,UBC_Suttle,AV,NA
S20848SL1,sealice_microbiome,mot_pool,U20848,NA,UBC_Suttle,AV,NA
S20850SL1,sealice_microbiome,mot_pool,U20850,NA,UBC_Suttle,AV,NA
S20843SL1,sealice_microbiome,mot_pool,U20843,NA,UBC_Suttle,AV,NA
S20842SL1,sealice_microbiome,mot_pool,U20842,NA,UBC_Suttle,AV,NA
S21155SL1,sealice_microbiome,mot_pool,U21155,NA,UBC_Suttle,AV,NA
S21151SL1,sealice_microbiome,mot_pool,U21151,NA,UBC_Suttle,AV,NA
S21392SL1,sealice_microbiome,mot_pool,U21392,NA,UBC_Suttle,AV,NA
S21391SL1,sealice_microbiome,mot_pool,U21391,NA,UBC_Suttle,AV,NA
S21394SL1,sealice_microbiome,mot_pool,U21394,NA,UBC_Suttle,AV,NA
S21395SL1,sealice_microbiome,mot_pool,U21395,NA,UBC_Suttle,AV,NA
S21396SL1,sealice_microbiome,mot_pool,U21396,NA,UBC_Suttle,AV,NA
S21400SL1,sealice_microbiome,mot_pool,U21400,NA,UBC_Suttle,AV,NA
S21399SL1,sealice_microbiome,mot_pool,U21399,NA,UBC_Suttle,AV,NA
S21397SL1,sealice_microbiome,mot_pool,U21397,NA,UBC_Suttle,AV,NA
S21099SL1,sealice_microbiome,mot_pool,U21099,NA,UBC_Suttle,AV,NA
S21092SL1,sealice_microbiome,mot_pool,U21092,NA,UBC_Suttle,AV,NA
S21091SL1,sealice_microbiome,mot_pool,U21091,NA,UBC_Suttle,AV,NA
S21093SL1,sealice_microbiome,mot_pool,U21093,NA,UBC_Suttle,AV,NA
S21157SL1,sealice_microbiome,mot_pool,U21157,NA,UBC_Suttle,AV,NA
S21156SL1,sealice_microbiome,mot_pool,U21156,NA,UBC_Suttle,AV,NA
S21154SL1,sealice_microbiome,mot_pool,U21154,NA,UBC_Suttle,AV,NA
S21153SL1,sealice_microbiome,mot_pool,U21153,NA,UBC_Suttle,AV,NA
S21159SL1,sealice_microbiome,mot_pool,U21159,NA,UBC_Suttle,AV,NA
S21158SL1,sealice_microbiome,mot_pool,U21158,NA,UBC_Suttle,AV,NA
S21152SL1,sealice_microbiome,mot_pool,U21152,NA,UBC_Suttle,AV,NA
S20971SL1,sealice_microbiome,mot_pool,U20971,NA,UBC_Suttle,AV,NA
S20977SL1,sealice_microbiome,mot_pool,U20977,NA,UBC_Suttle,AV,NA
S20978SL1,sealice_microbiome,mot_pool,U20978,NA,UBC_Suttle,AV,NA
S20974SL1,sealice_microbiome,mot_pool,U20974,NA,UBC_Suttle,AV,NA
S20980SL1,sealice_microbiome,mot_pool,U20980,NA,UBC_Suttle,AV,NA
S20518SL1,sealice_microbiome,mot_pool,U20518,NA,UBC_Suttle,AV,NA
S20517SL1,sealice_microbiome,mot_pool,U20517,NA,UBC_Suttle,AV,NA
S20514SL1,sealice_microbiome,mot_pool,U20514,NA,UBC_Suttle,AV,NA
S20892SL1,sealice_microbiome,mot_pool,U20892,NA,UBC_Suttle,AV,NA
S20893SL1,sealice_microbiome,mot_pool,U20893,NA,UBC_Suttle,AV,NA
S20894SL1,sealice_microbiome,mot_pool,U20894,NA,UBC_Suttle,AV,NA
S20891SL1,sealice_microbiome,mot_pool,U20891,NA,UBC_Suttle,AV,NA
S20900SL1,sealice_microbiome,mot_pool,U20900,NA,UBC_Suttle,AV,NA
S21673SL1,sealice_microbiome,mot_pool,U21673,NA,UBC_Suttle,AV,NA
S20577SL1,sealice_microbiome,mot_pool,U20577,NA,UBC_Suttle,AV,NA
S20574SL1,sealice_microbiome,mot_pool,U20574,NA,UBC_Suttle,AV,NA
S20515SL1,sealice_microbiome,mot_pool,U20515,NA,UBC_Suttle,AV,NA
S20519SL1,sealice_microbiome,mot_pool,U20519,NA,UBC_Suttle,AV,NA
S20578SL1,sealice_microbiome,mot_pool,U20578,NA,UBC_Suttle,AV,NA
S20572SL1,sealice_microbiome,mot_pool,U20572,NA,UBC_Suttle,AV,NA
S20571SL1,sealice_microbiome,mot_pool,U20571,NA,UBC_Suttle,AV,NA
S20059SL1,sealice_microbiome,mot_pool,U20059,NA,UBC_Suttle,AV,NA
S20051SL1,sealice_microbiome,mot_pool,U20051,NA,UBC_Suttle,AV,NA
S20052SL1,sealice_microbiome,mot_pool,U20052,NA,UBC_Suttle,AV,NA
S20721SL1,sealice_microbiome,mot_pool,U20721,NA,UBC_Suttle,AV,NA
S21700SL1,sealice_microbiome,mot_pool,U21700,NA,UBC_Suttle,AV,NA
S21697SL1,sealice_microbiome,mot_pool,U21697,NA,UBC_Suttle,AV,NA
S21696SL1,sealice_microbiome,mot_pool,U21696,NA,UBC_Suttle,AV,NA
S21695SL1,sealice_microbiome,mot_pool,U21695,NA,UBC_Suttle,AV,NA
S20623SL1,sealice_microbiome,mot_pool,U20623,NA,UBC_Suttle,AV,NA
S20015SL1,sealice_microbiome,mot_pool,U20015,Louse might be a chalimus B,UBC_Suttle,AV,NA
S20019SL1,sealice_microbiome,mot_pool,U20019,NA,UBC_Suttle,AV,NA
S20661SL1,sealice_microbiome,mot_pool,U20661,NA,UBC_Suttle,AV,NA
S20902SL1,sealice_microbiome,mot_pool,U20902,NA,UBC_Suttle,AV,NA
S20495SL1,sealice_microbiome,mot_pool,U20495,NA,UBC_Suttle,AV,NA
S21291SL1,sealice_microbiome,mot_pool,U21291,NA,UBC_Suttle,AV,NA
S21371SL1,sealice_microbiome,mot_pool,U21371,NA,UBC_Suttle,AV,NA
S20371SL1,sealice_microbiome,mot_pool,U20371,NA,UBC_Suttle,AV,NA
S20211SL1,sealice_microbiome,mot_pool,U20211,NA,UBC_Suttle,AV,NA
S20196SL1,sealice_microbiome,mot_pool,U20196,NA,UBC_Suttle,AV,NA
S21326SL1,sealice_microbiome,mot_pool,U21326,NA,UBC_Suttle,AV,NA
S21325SL1,sealice_microbiome,mot_pool,U21325,NA,UBC_Suttle,AV,NA
S21327SL1,sealice_microbiome,mot_pool,U21327,NA,UBC_Suttle,AV,NA
S21329SL1,sealice_microbiome,mot_pool,U21329,NA,UBC_Suttle,AV,NA
S20492SL1,sealice_microbiome,mot_pool,U20492,NA,UBC_Suttle,AV,NA
S21508SL1,sealice_microbiome,mot_pool,U21508,NA,UBC_Suttle,AV,NA
S21504SL1,sealice_microbiome,mot_pool,U21504,NA,UBC_Suttle,AV,NA
S21501SL1,sealice_microbiome,mot_pool,U21501,NA,UBC_Suttle,AV,NA
S21507SL1,sealice_microbiome,mot_pool,U21507,NA,UBC_Suttle,AV,NA
S21506SL1,sealice_microbiome,mot_pool,U21506,NA,UBC_Suttle,AV,NA
S21505SL1,sealice_microbiome,mot_pool,U21505,NA,UBC_Suttle,AV,NA
S21502SL1,sealice_microbiome,mot_pool,U21502,NA,UBC_Suttle,AV,NA
S21509SL1,sealice_microbiome,mot_pool,U21509,NA,UBC_Suttle,AV,NA
S21510SL1,sealice_microbiome,mot_pool,U21510,NA,UBC_Suttle,AV,NA
S21337SL1,sealice_microbiome,mot_pool,U21337,NA,UBC_Suttle,AV,NA
S21339SL1,sealice_microbiome,mot_pool,U21339,NA,UBC_Suttle,AV,NA
S20061SL1,sealice_microbiome,mot_pool,U20061,NA,UBC_Suttle,AV,NA
S20064SL1,sealice_microbiome,mot_pool,U20064,NA,UBC_Suttle,AV,NA
S20068SL1,sealice_microbiome,mot_pool,U20068,NA,UBC_Suttle,AV,NA
S20065SL1,sealice_microbiome,mot_pool,U20065,NA,UBC_Suttle,AV,NA
S21410SL1,sealice_microbiome,mot_pool,U21410,NA,UBC_Suttle,AV,NA
S21408SL1,sealice_microbiome,mot_pool,U21408,NA,UBC_Suttle,AV,NA
S21405SL1,sealice_microbiome,mot_pool,U21405,NA,UBC_Suttle,AV,NA
S21406SL1,sealice_microbiome,mot_pool,U21406,NA,UBC_Suttle,AV,NA
S20168SL1,sealice_microbiome,mot_pool,U20168,NA,UBC_Suttle,AV,NA
S21401SL1,sealice_microbiome,mot_pool,U21401,NA,UBC_Suttle,AV,NA
S20404SL1,sealice_microbiome,mot_pool,U20404,NA,UBC_Suttle,AV,NA
S20403SL1,sealice_microbiome,mot_pool,U20403,NA,UBC_Suttle,AV,NA
S20934SL1,sealice_microbiome,mot_pool,U20934,NA,UBC_Suttle,AV,NA
S20938SL1,sealice_microbiome,mot_pool,U20938,NA,UBC_Suttle,AV,NA
S20940SL1,sealice_microbiome,mot_pool,U20940,NA,UBC_Suttle,AV,NA
S20933SL1,sealice_microbiome,mot_pool,U20933,NA,UBC_Suttle,AV,NA
S20937SL1,sealice_microbiome,mot_pool,U20937,NA,UBC_Suttle,AV,NA
S20935SL1,sealice_microbiome,mot_pool,U20935,NA,UBC_Suttle,AV,NA
S20936SL1,sealice_microbiome,mot_pool,U20936,NA,UBC_Suttle,AV,NA
S21195SL1,sealice_microbiome,mot_pool,U21195,NA,UBC_Suttle,AV,NA
S21196SL1,sealice_microbiome,mot_pool,U21196,NA,UBC_Suttle,AV,NA
S21336SL1,sealice_microbiome,mot_pool,U21336,NA,UBC_Suttle,AV,NA
S21331SL1,sealice_microbiome,mot_pool,U21331,NA,UBC_Suttle,AV,NA
S21335SL1,sealice_microbiome,mot_pool,U21335,NA,UBC_Suttle,AV,NA
S21338SL1,sealice_microbiome,mot_pool,U21338,NA,UBC_Suttle,AV,NA
S21332SL1,sealice_microbiome,mot_pool,U21332,NA,UBC_Suttle,AV,NA
S21125SL1,sealice_microbiome,mot_pool,U21125,NA,UBC_Suttle,AV,NA
S21127SL1,sealice_microbiome,mot_pool,U21127,NA,UBC_Suttle,AV,NA
S21200SL1,sealice_microbiome,mot_pool,U21200,NA,UBC_Suttle,AV,NA
S21193SL1,sealice_microbiome,mot_pool,U21193,NA,UBC_Suttle,AV,NA
S21198SL1,sealice_microbiome,mot_pool,U21198,NA,UBC_Suttle,AV,NA
S21194SL1,sealice_microbiome,mot_pool,U21194,NA,UBC_Suttle,AV,NA
S21197SL1,sealice_microbiome,mot_pool,U21197,NA,UBC_Suttle,AV,NA
S21191SL1,sealice_microbiome,mot_pool,U21191,NA,UBC_Suttle,AV,NA
S21192SL1,sealice_microbiome,mot_pool,U21192,NA,UBC_Suttle,AV,NA
S21630SL1,sealice_microbiome,mot_pool,U21630,NA,UBC_Suttle,AV,NA
S20986SL1,sealice_microbiome,mot_pool,U20986,NA,UBC_Suttle,AV,NA
S20990SL1,sealice_microbiome,mot_pool,U20990,NA,UBC_Suttle,AV,NA
S20984SL1,sealice_microbiome,mot_pool,U20984,NA,UBC_Suttle,AV,NA
S20982SL1,sealice_microbiome,mot_pool,U20982,NA,UBC_Suttle,AV,NA
S20989SL1,sealice_microbiome,mot_pool,U20989,NA,UBC_Suttle,AV,NA
S21428SL1,sealice_microbiome,mot_pool,U21428,NA,UBC_Suttle,AV,NA
S20794SL1,sealice_microbiome,mot_pool,U20794,NA,UBC_Suttle,AV,NA
S20793SL1,sealice_microbiome,mot_pool,U20793,NA,UBC_Suttle,AV,NA
S20796SL1,sealice_microbiome,mot_pool,U20796,NA,UBC_Suttle,AV,NA
S20800SL1,sealice_microbiome,mot_pool,U20800,NA,UBC_Suttle,AV,NA
S21111SL1,sealice_microbiome,mot_pool,U21111,NA,UBC_Suttle,AV,NA
S20877SL1,sealice_microbiome,mot_pool,U20877,NA,UBC_Suttle,AV,NA
S20880SL1,sealice_microbiome,mot_pool,U20880,NA,UBC_Suttle,AV,NA
S20874SL1,sealice_microbiome,mot_pool,U20874,NA,UBC_Suttle,AV,NA
S20875SL1,sealice_microbiome,mot_pool,U20875,NA,UBC_Suttle,AV,NA
S20872SL1,sealice_microbiome,mot_pool,U20872,NA,UBC_Suttle,AV,NA
S21011SL1,sealice_microbiome,mot_pool,U21011,NA,UBC_Suttle,AV,NA
S21042SL1,sealice_microbiome,mot_pool,U21042,NA,UBC_Suttle,AV,NA
S21041SL1,sealice_microbiome,mot_pool,U21041,NA,UBC_Suttle,AV,NA
S21047SL1,sealice_microbiome,mot_pool,U21047,NA,UBC_Suttle,AV,NA
S20822SL1,sealice_microbiome,mot_pool,U20822,NA,UBC_Suttle,AV,NA
S20821SL1,sealice_microbiome,mot_pool,U20821,NA,UBC_Suttle,AV,NA
S20844SL1,sealice_microbiome,mot_pool,U20844,NA,UBC_Suttle,AV,NA
S20841SL1,sealice_microbiome,mot_pool,U20841,NA,UBC_Suttle,AV,NA
S20268SL1,sealice_microbiome,mot_pool,U20268,NA,UBC_Suttle,AV,NA
S21231SL1,sealice_microbiome,mot_pool,U21231,NA,UBC_Suttle,AV,NA
S20911SL1,sealice_microbiome,mot_pool,U20911,NA,UBC_Suttle,AV,NA
S20681SL1,sealice_microbiome,mot_pool,U20681,NA,UBC_Suttle,AV,NA
S20943SL1,sealice_microbiome,mot_pool,U20943,NA,UBC_Suttle,AV,NA
S20941SL1,sealice_microbiome,mot_pool,U20941,NA,UBC_Suttle,AV,NA
S20942SL1,sealice_microbiome,mot_pool,U20942,NA,UBC_Suttle,AV,NA
S20471SL1,sealice_microbiome,mot_pool,U20471,NA,UBC_Suttle,AV,NA
S21161SL1,sealice_microbiome,mot_pool,U21161,NA,UBC_Suttle,AV,NA
S21412SL1,sealice_microbiome,mot_pool,U21412,NA,UBC_Suttle,AV,NA
S21418SL1,sealice_microbiome,mot_pool,U21418,NA,UBC_Suttle,AV,NA
S21414SL1,sealice_microbiome,mot_pool,U21414,NA,UBC_Suttle,AV,NA
S21413SL1,sealice_microbiome,mot_pool,U21413,NA,UBC_Suttle,AV,NA
S21417SL1,sealice_microbiome,mot_pool,U21417,NA,UBC_Suttle,AV,NA
S21267SL1,sealice_microbiome,mot_pool,U21267,NA,UBC_Suttle,AV,NA
S21270SL1,sealice_microbiome,mot_pool,U21270,NA,UBC_Suttle,AV,NA
S21266SL1,sealice_microbiome,mot_pool,U21266,NA,UBC_Suttle,AV,NA
S21268SL1,sealice_microbiome,mot_pool,U21268,NA,UBC_Suttle,AV,NA
S21261SL1,sealice_microbiome,mot_pool,U21261,NA,UBC_Suttle,AV,NA
S21265SL1,sealice_microbiome,mot_pool,U21265,NA,UBC_Suttle,AV,NA
S21411SL1,sealice_microbiome,mot_pool,U21411,NA,UBC_Suttle,AV,NA
S21415SL1,sealice_microbiome,mot_pool,U21415,NA,UBC_Suttle,AV,NA
S21452SL1,sealice_microbiome,mot_pool,U21452,NA,UBC_Suttle,AV,NA
S20119SL1,sealice_microbiome,mot_pool,U20119,NA,UBC_Suttle,AV,NA
S20118SL1,sealice_microbiome,mot_pool,U20118,NA,UBC_Suttle,AV,NA
S21651SL1,sealice_microbiome,mot_pool,U21651,NA,UBC_Suttle,AV,NA
S21652SL1,sealice_microbiome,mot_pool,U21652,NA,UBC_Suttle,AV,NA
S20071SL1,sealice_microbiome,mot_pool,U20071,NA,UBC_Suttle,AV,NA
S20851SL1,sealice_microbiome,mot_pool,U20851,NA,UBC_Suttle,AV,NA
S20853SL1,sealice_microbiome,mot_pool,U20853,NA,UBC_Suttle,AV,NA
S20024SL1,sealice_microbiome,mot_pool,U20024,Louse found on outside of Whirl-pak,UBC_Suttle,AV,NA
S21172SL1,sealice_microbiome,mot_pool,U21172,NA,UBC_Suttle,AV,NA
S21174SL1,sealice_microbiome,mot_pool,U21174,NA,UBC_Suttle,AV,NA
S21173SL1,sealice_microbiome,mot_pool,U21173,NA,UBC_Suttle,AV,NA
S20141SL1,sealice_microbiome,mot_pool,U20141,NA,UBC_Suttle,AV,NA
S22192SL1,sealice_microbiome,mot_pool,U22192,NA,UBC_Suttle,AV,NA
S21181SL1,sealice_microbiome,mot_pool,U21181,NA,UBC_Suttle,AV,NA
S21182SL1,sealice_microbiome,mot_pool,U21182,NA,UBC_Suttle,AV,NA
S21183SL1,sealice_microbiome,mot_pool,U21183,NA,UBC_Suttle,AV,NA
